episode,reward,loss,epsilon,steps,duration_sec,ma_reward_50
0,-7.071200000000006,0.02698702946197175,0.00998645168764533,448,5.297697067260742,-7.071200000000006
1,-979.47924,0.03825037254218667,0.00998645168764533,677,6.063404083251953,-493.27522
2,-984.88182,1.3107984682072455,0.00998645168764533,134,1.1874909400939941,-657.1440866666667
3,-7.071200000000006,1.463097297944062,0.00998645168764533,448,3.9056448936462402,-494.625865
4,-978.2417,0.8960667274256379,0.00998645168764533,618,6.095577955245972,-591.349032
5,13.384880000000017,0.9000167096176632,0.00998645168764533,632,5.393198013305664,-490.56004666666666
6,-965.91224,0.8835521693234089,0.00998645168764533,937,8.002596139907837,-558.4675028571429
7,-979.02512,1.0553122104047776,0.00998645168764533,657,6.821131944656372,-611.037205
8,-977.85556,1.3052165406170568,0.00998645168764533,404,5.034126043319702,-651.7948
9,-993.7661,1.4165166916848697,0.00998645168764533,203,2.5243031978607178,-685.9919299999999
10,-983.1626,1.2090295927670522,0.00998645168764533,756,10.834849834442139,-713.0074454545455
11,-994.9707199999999,2.197103308834599,0.00998645168764533,209,2.527873992919922,-736.5043850000001
12,-987.66918,1.8493661432829829,0.00998645168764533,163,1.7829346656799316,-755.8247538461538
13,-981.00398,2.038990674164505,0.00998645168764533,747,7.116673946380615,-771.9089842857144
14,11.135919999999956,1.505574801946843,0.00998645168764533,784,10.18603801727295,-719.7059906666667
15,-992.23648,1.728472063818987,0.00998645168764533,184,2.8251209259033203,-736.73914625
16,-981.0062600000001,1.2775682944292275,0.00998645168764533,651,5.680772304534912,-751.1078
17,-983.4342,1.4084294618689281,0.00998645168764533,669,5.68172287940979,-764.0148222222222
18,-982.55918,1.9146380116333435,0.00998645168764533,174,1.47723388671875,-775.5171568421052
19,-994.9649599999999,1.2256316998438759,0.00998645168764533,209,1.782033920288086,-786.489547
20,-986.64178,2.2212751619068483,0.00998645168764533,114,0.97247314453125,-796.0206057142857
21,-983.2679400000001,1.5508649298231807,0.00998645168764533,154,1.3016538619995117,-804.5318481818181
22,-7.071200000000006,1.600538234060098,0.00998645168764533,448,3.8219058513641357,-769.8596460869566
23,-984.9082799999999,1.6349948746504945,0.00998645168764533,837,10.077605724334717,-778.8200058333333
24,-976.9080400000001,1.711756520870324,0.00998645168764533,557,4.729984998703003,-786.7435271999999
25,9.461039999999967,1.6378166560488925,0.00998645168764533,864,7.321058034896851,-756.1202746153847
26,13.36760000000001,1.585672532074902,0.00998645168764533,632,5.379657030105591,-727.6207237037037
27,12.80223999999994,1.9101637646580036,0.00998645168764533,656,5.572687864303589,-701.1770464285715
28,-976.4661199999999,1.5976247246167985,0.00998645168764533,837,7.143672704696655,-710.6697731034483
29,13.400960000000005,1.6357192369192675,0.00998645168764533,632,5.363811016082764,-686.534082
30,-7.071200000000006,1.4935926604250978,0.00998645168764533,448,3.8043267726898193,-664.615924516129
31,-980.92058,1.0871845598242456,0.00998645168764533,651,5.530444145202637,-674.500445
32,-993.09766,1.3599126978188485,0.00998645168764533,223,1.8954617977142334,-684.1549060606061
33,-981.37916,1.1970823501927224,0.00998645168764533,669,5.6795079708099365,-692.896795882353
34,-984.83906,0.8832986177800254,0.00998645168764533,183,1.5501601696014404,-701.2380034285713
35,-983.41236,2.031056980423561,0.00998645168764533,164,1.3768181800842285,-709.07618
36,-980.6301,1.4233146128310283,0.00998645168764533,639,5.410250902175903,-716.4154751351351
37,-992.52648,1.730381157787256,0.00998645168764533,193,1.6462421417236328,-723.6815542105263
38,-7.071200000000006,1.562008953935999,0.00998645168764533,448,3.81591796875,-705.3069297435898
39,-979.42132,1.4468048296947276,0.00998645168764533,629,5.338691711425781,-712.1597895
40,-992.52648,1.651481421355525,0.00998645168764533,193,1.6299419403076172,-718.9980014634147
41,-980.12036,1.2870991528395443,0.00998645168764533,709,6.008238077163696,-725.2152004761905
42,-995.73088,1.3455430108940962,0.00998645168764533,297,2.5186080932617188,-731.5062627906976
43,-979.09416,1.507646642355082,0.00998645168764533,560,6.691812992095947,-737.1332604545455
44,-984.8405,1.2241693816982373,0.00998645168764533,183,2.8133068084716797,-742.6378657777777
45,-986.64178,1.260373591984573,0.00998645168764533,114,1.752216100692749,-747.9422986956521
46,13.379120000000015,1.6118237893627603,0.00998645168764533,632,9.721418142318726,-731.7439706382978
47,-7.071200000000006,1.4256440675703093,0.00998645168764533,448,6.8938610553741455,-716.64662125
48,-982.8455200000001,1.0973394473478013,0.00998645168764533,689,10.597832918167114,-722.0792518367347
49,9.962160000000079,1.3321677815045339,0.00998645168764533,888,13.656331062316895,-707.4384236
50,-985.7672799999999,1.516526092101407,0.00998645168764533,273,4.198470830917358,-727.0123452
51,-994.9707199999999,1.749509739792019,0.00998645168764533,209,3.1629600524902344,-727.3221748000001
52,-984.88182,2.5951739303531376,0.00998645168764533,134,2.01725697517395,-727.3221748000001
53,-7.071200000000006,1.7050052196084704,0.00998645168764533,448,5.612565994262695,-727.3221748000001
54,13.373360000000012,1.9835781409218023,0.00998645168764533,632,5.35367226600647,-707.4898736
55,-977.51924,1.9339841318165432,0.00998645168764533,837,7.121390104293823,-727.307956
56,-994.90728,2.1218938126705553,0.00998645168764533,209,1.7789292335510254,-727.8878568
57,-980.14232,1.9321349675432584,0.00998645168764533,657,5.564051866531372,-727.9102008
58,-7.071200000000006,1.5278567891031603,0.00998645168764533,448,3.804818868637085,-708.4945136000001
59,-980.8687,1.3708229523474205,0.00998645168764533,746,6.342902183532715,-708.2365656000001
60,-7.362400000000006,1.9478517734317173,0.00998645168764533,464,3.924300193786621,-688.7205615999999
61,8.487360000000004,1.2860962251394417,0.00998645168764533,1056,15.52063512802124,-668.6514
62,-991.4988599999999,1.5437089567280406,0.00998645168764533,547,5.933107376098633,-668.7279936
63,13.361840000000008,1.3874426797471493,0.00998645168764533,632,5.360259056091309,-648.8406772
64,9.482159999999979,1.1309052635969474,0.00998645168764533,864,9.083503723144531,-648.8737524000001
65,-986.6268799999999,0.8610409512143351,0.00998645168764533,113,0.9598000049591064,-648.7615604
66,-984.8964199999999,0.9513026454106525,0.00998645168764533,135,1.1515781879425049,-648.8393636
67,-979.81348,1.0303280909395065,0.00998645168764533,748,6.34161114692688,-648.7669492
68,-986.32782,1.4115506042703398,0.00998645168764533,203,1.710339069366455,-648.842322
69,-7.071200000000006,0.9703585850022917,0.00998645168764533,448,3.7901532649993896,-629.0844468
70,13.379120000000015,1.21588832276499,0.00998645168764533,632,5.372205972671509,-609.0840288
71,-981.90428,0.9493087781462469,0.00998645168764533,748,6.340258836746216,-609.0567556
72,-984.6596599999999,1.4627573176811652,0.00998645168764533,174,1.4729468822479248,-628.6085248
73,-1000.6862199999999,1.1349757311753539,0.00998645168764533,382,3.243756055831909,-628.9240836
74,-980.8775400000001,1.3238978412255542,0.00998645168764533,651,5.5348570346832275,-629.0034736
75,-992.52648,1.243194064139895,0.00998645168764533,193,1.6483898162841797,-649.043224
76,-979.8508599999999,1.1711626942082218,0.00998645168764533,547,4.648263931274414,-668.9075932
77,-982.8397199999999,1.218191839150049,0.00998645168764533,788,6.912071228027344,-688.8204324
78,-986.6268799999999,1.9655483431034448,0.00998645168764533,113,0.9921140670776367,-689.0236476
79,-7.071200000000006,1.491394121920166,0.00998645168764533,448,3.9600071907043457,-689.4330908
80,-6.351520000000004,1.307789460616387,0.00998645168764533,464,4.096970081329346,-689.4186972
81,-992.52648,1.4870975277762994,0.00998645168764533,193,1.7078709602355957,-689.6508151999999
82,13.379120000000015,1.2898496610696037,0.00998645168764533,632,7.008593797683716,-669.5212796
83,-976.56656,1.456608804385334,0.00998645168764533,745,7.053928375244141,-669.4250276
84,-994.9707199999999,1.449039634929872,0.00998645168764533,209,1.8395180702209473,-669.6276608000001
85,-982.45802,1.570326303504257,0.00998645168764533,619,5.463440895080566,-669.608574
86,-983.38812,1.5229438158790671,0.00998645168764533,669,5.899973154067993,-669.6637344
87,-980.4001999999999,1.477604376094385,0.00998645168764533,669,6.270703077316284,-669.4212088
88,-977.43084,1.354223877362898,0.00998645168764533,837,8.748810052871704,-688.8284015999999
89,-982.28568,1.5003794796030616,0.00998645168764533,912,8.35073208808899,-688.8856887999999
90,-978.5981999999999,1.6504370603859142,0.00998645168764533,789,6.943194150924683,-688.6071231999999
91,-981.9813,1.3469810332092935,0.00998645168764533,651,5.749558210372925,-688.644342
92,-980.89552,1.446180576592747,0.00998645168764533,649,5.74778413772583,-688.3476347999999
93,-980.1715599999999,1.3377303669006728,0.00998645168764533,917,8.096253871917725,-688.3691828
94,-7.071200000000006,1.3499276499891752,0.00998645168764533,448,3.956191062927246,-668.8137968
95,-977.24542,1.0893804250905912,0.00998645168764533,867,7.638674974441528,-668.6258696
96,14.097600000000018,1.0869908652837492,0.00998645168764533,648,5.734019756317139,-668.6115
97,-977.1748799999999,1.2377364138880689,0.00998645168764533,825,7.304901838302612,-688.0135736
98,10.522719999999989,1.0156219069292145,0.00998645168764533,1088,10.727920055389404,-668.1462088000001
99,-986.64178,0.5727716088866848,0.00998645168764533,114,0.9973130226135254,-688.0782876000001
100,-7.071200000000006,1.1067811854663887,0.00998645168764533,448,3.9636640548706055,-668.504366
101,-992.2670400000001,0.6955913744083417,0.00998645168764533,233,2.0540738105773926,-668.4502924000001
102,-984.71728,1.1710166313102122,0.00998645168764533,273,2.406316041946411,-668.4470015999999
103,-980.71718,1.2495673950681396,0.00998645168764533,639,5.640346050262451,-687.9199212
104,-7.071200000000006,1.211690574851153,0.00998645168764533,448,3.952425003051758,-688.3288124000001
105,-994.9707199999999,1.5976375148266233,0.00998645168764533,209,2.4851977825164795,-688.6778419999999
106,-985.2140599999999,1.0676665042930593,0.00998645168764533,150,1.817368745803833,-688.4839775999999
107,-984.88182,0.8442036777929361,0.00998645168764533,134,1.1830542087554932,-688.5787676
108,-985.18824,1.535448111760719,0.00998645168764533,145,1.2801790237426758,-708.1411083999999
109,11.041200000000032,1.7084079576945383,0.00998645168764533,744,6.574686050415039,-688.3029104
110,-986.12696,1.0060831849243388,0.00998645168764533,144,1.2610177993774414,-707.8782016
111,-978.0766800000001,1.2791488251876806,0.00998645168764533,813,7.189483880996704,-727.6094823999999
112,-965.0361399999999,1.81722912166347,0.00998645168764533,446,3.9567112922668457,-727.0802279999999
113,-995.29648,1.5578979282246697,0.00998645168764533,225,1.9729442596435547,-747.2533943999999
114,-993.92228,1.2785993578314712,0.00998645168764533,213,1.889289140701294,-767.3214831999999
115,-981.1228,1.8447234519225146,0.00998645168764533,560,5.121280193328857,-767.2114015999999
116,-984.88254,1.8962510961816827,0.00998645168764533,134,1.187958002090454,-767.2111239999999
117,-978.3636399999999,1.8946131229835943,0.00998645168764533,629,5.553016901016235,-767.1821272
118,-979.92086,1.8215801127238975,0.00998645168764533,699,6.182967185974121,-767.053988
119,-984.02576,2.0934004720830774,0.00998645168764533,144,1.275334119796753,-786.5930791999999
120,-980.27788,1.9270068801879063,0.00998645168764533,709,6.271008014678955,-806.4662192
121,-999.62734,1.993186500272104,0.00998645168764533,382,3.391733169555664,-806.8206804
122,-989.0950999999999,2.532884064315328,0.00998645168764533,131,1.15596604347229,-806.9093892
123,-6.351520000000004,2.084987213942503,0.00998645168764533,464,4.1139678955078125,-787.0226952
124,-7.071200000000006,2.298555788279503,0.00998645168764533,448,3.9616618156433105,-767.5465684
125,-984.88182,1.6632554040971532,0.00998645168764533,134,1.1878318786621094,-767.3936752
126,-970.3395200000001,2.340211842491104,0.00998645168764533,393,3.4753522872924805,-767.2034484
127,-978.7953,2.128939047762144,0.00998645168764533,798,8.292688846588135,-767.1225599999999
128,-994.9649599999999,1.3783295056983187,0.00998645168764533,209,1.8435840606689453,-767.2893216
129,-7.071200000000006,2.055991848095021,0.00998645168764533,448,3.965698003768921,-767.2893216
130,-1000.6747,2.1178916053875736,0.00998645168764533,382,3.3859870433807373,-787.1757852
131,-9.20496000000001,2.192620991739289,0.00998645168764533,600,5.334735870361328,-767.5093548
132,-985.18752,1.3227691671200867,0.00998645168764533,145,1.2780051231384277,-787.4806875999999
133,-986.92,1.7235415582540559,0.00998645168764533,1025,11.42120909690857,-787.6877563999999
134,-986.64178,1.5344589113118945,0.00998645168764533,114,1.0017552375793457,-787.5211776
135,-993.7661,2.26273927555002,0.00998645168764533,203,1.790088176727295,-787.7473391999999
136,-981.46552,2.1627291382228013,0.00998645168764533,776,6.864648342132568,-787.7088872
137,-979.31376,2.0383761696358373,0.00998645168764533,521,4.602478742599487,-787.6871584
138,-979.99658,2.3091892826638416,0.00998645168764533,651,5.773426055908203,-787.7384732
139,-978.81546,2.188221744567116,0.00998645168764533,651,5.773377895355225,-787.6690688
140,-978.43812,2.0933488851739357,0.00998645168764533,885,7.876475095748901,-787.6658671999999
141,-981.92858,1.9273558172566525,0.00998645168764533,699,6.196246147155762,-787.6648127999999
142,-982.3362,1.8719823234463988,0.00998645168764533,669,5.930697917938232,-787.6936264
143,-995.29648,1.8320547020042108,0.00998645168764533,225,1.979464054107666,-787.9961248
144,-986.9822999999999,2.1239017031516934,0.00998645168764533,134,1.2020437717437744,-807.5943468
145,-979.098,2.204004433074234,0.00998645168764533,560,4.96630597114563,-807.6313984000001
146,-979.86622,1.9109271119920779,0.00998645168764533,547,4.860641956329346,-827.5106748
147,-973.4053399999999,1.8899098602217022,0.00998645168764533,847,7.5035200119018555,-827.4352839999999
148,-984.88182,2.9416081920099346,0.00998645168764533,134,1.1819870471954346,-847.3433748
149,-977.7686000000001,1.739434692764625,0.00998645168764533,748,6.607088327407837,-847.1659112
150,-992.0277,1.8707516649173954,0.00998645168764533,322,2.854067325592041,-866.8650412
151,-993.5268,2.0370091438965865,0.00998645168764533,241,2.1313321590423584,-866.8902364
152,11.277839999999973,1.8675594813690763,0.00998645168764533,832,7.369623899459839,-846.970334
153,-984.88254,2.4759298787181225,0.00998645168764533,134,1.1798930168151855,-847.0536412
154,-995.30224,1.9726970415272647,0.00998645168764533,225,1.997586965560913,-866.818262
155,-994.9707199999999,1.6720051976526824,0.00998645168764533,209,1.8459851741790771,-866.818262
156,-995.9918,2.1815509252960283,0.00998645168764533,261,2.300374984741211,-867.0338168
157,-987.79976,1.8276126622097235,0.00998645168764533,521,4.614748001098633,-867.0921756
158,-982.12208,2.043895393940257,0.00998645168764533,705,6.244380235671997,-867.0308524
159,10.910559999999947,2.000316651072042,0.00998645168764533,1496,13.28354001045227,-867.0334651999999
160,-980.31274,1.642134254489106,0.00998645168764533,619,5.479291915893555,-866.9171807999999
161,-988.7045,1.4062927990948566,0.00998645168764533,362,3.205733060836792,-867.1297371999999
162,6.016720000000005,1.85405006908241,0.00998645168764533,1384,14.159844160079956,-847.7086800000001
163,7.5544,1.3840933985747397,0.00998645168764533,1000,10.686166763305664,-827.6516624000001
164,-985.19016,1.425954369673955,0.00998645168764533,145,1.87493896484375,-827.47702
165,-970.56942,1.3800019528083503,0.00998645168764533,750,6.916414976119995,-827.2659524
166,-980.10538,1.4704606091612116,0.00998645168764533,659,5.57250714302063,-827.1704092
167,-986.6268799999999,1.8220704808270773,0.00998645168764533,113,0.9600200653076172,-827.335674
168,-993.82776,1.5212064953944222,0.00998645168764533,209,1.7746479511260986,-827.613812
169,-985.18752,1.3205636124479874,0.00998645168764533,145,1.2314188480377197,-827.6370472
170,7.301439999999983,1.4293485434542117,0.00998645168764533,968,8.22878623008728,-807.8854608
171,-979.6383,0.9785845738628672,0.00998645168764533,639,5.414691925048828,-807.48568
172,-7.071200000000006,1.0365297798021598,0.00998645168764533,448,3.8115150928497314,-787.845202
173,-7.071200000000006,0.7939881407271189,0.00998645168764533,448,3.7836453914642334,-787.8595956
174,8.80856000000003,0.9700475076807394,0.00998645168764533,944,8.011357069015503,-787.5420004
175,-977.59544,1.3366774403270494,0.00998645168764533,441,3.760560989379883,-787.3962728
176,-1000.6804599999999,1.091492355640256,0.00998645168764533,382,3.233459949493408,-788.0030916000001
177,-992.52648,1.2420738959935895,0.00998645168764533,193,1.6483609676361084,-788.2777152
178,-993.56422,1.1853080583743967,0.00998645168764533,243,2.0575201511383057,-788.2497004
179,11.794239999999942,0.9819809814534065,0.00998645168764533,704,5.982726097106934,-787.8723916
180,-977.44812,1.2660215085147526,0.00998645168764533,580,4.9377946853637695,-787.4078599999999
181,9.956239999999996,1.1796458062412316,0.00998645168764533,896,7.62237811088562,-787.024636
182,-1000.6804599999999,0.6829614006263248,0.00998645168764533,382,3.2649800777435303,-787.3344947999999
183,-983.41742,1.1883767095186024,0.00998645168764533,715,7.526378870010376,-787.2644432
184,8.154159999999983,1.5843257146884855,0.00998645168764533,1064,9.069091796875,-767.3685244000001
185,-979.79432,1.1124149578467775,0.00998645168764533,649,7.376577854156494,-767.0890888
186,-984.88182,1.541751701853919,0.00998645168764533,134,1.3451929092407227,-767.1574148
187,-996.2309799999999,1.149479390067704,0.00998645168764533,223,1.889725923538208,-767.4957592000001
188,-981.3925999999999,1.2880277389852588,0.00998645168764533,669,5.828204154968262,-767.5236796
189,-980.87946,1.5641433603663897,0.00998645168764533,651,5.549232006072998,-767.5649596
190,12.783919999999952,1.273319740877265,0.00998645168764533,840,7.155131816864014,-747.7405188
191,11.511920000000014,1.2081987756751722,0.00998645168764533,912,7.740358114242554,-727.8717088000001
192,-7.071200000000006,1.2112148370651994,0.00998645168764533,448,3.812903881072998,-708.3664087999999
193,-994.9707199999999,1.4466733966294552,0.00998645168764533,209,1.7804596424102783,-708.3598936
194,-985.38294,1.346991460414892,0.00998645168764533,355,3.58245587348938,-708.3279064
195,-976.6016000000001,1.1593829174776056,0.00998645168764533,745,7.799304008483887,-708.2779783999999
196,-979.99972,1.261986515098233,0.00998645168764533,253,3.8877949714660645,-708.2806483999999
197,13.435520000000018,1.2377323454077933,0.00998645168764533,632,8.336235046386719,-688.5438312
198,-978.85558,0.8568599769365471,0.00998645168764533,547,8.414066791534424,-688.4233064
199,11.872240000000001,1.1435097870470745,0.00998645168764533,952,14.64316177368164,-668.6304896
200,13.379120000000015,1.2149104021682664,0.00998645168764533,632,9.722042083740234,-648.5223532
201,-996.07392,1.02562155863776,0.00998645168764533,313,4.062278985977173,-648.5732955999999
202,-978.90458,1.2060351110239689,0.00998645168764533,703,7.048149108886719,-668.376944
203,-1000.69198,1.3767585925482388,0.00998645168764533,382,3.6049959659576416,-668.6931328000001
204,-981.0369800000001,1.2524541564809355,0.00998645168764533,651,5.567630767822266,-668.4078276
205,-983.6802399999999,1.0027398958805636,0.00998645168764533,273,2.351292371749878,-668.182018
206,-981.1620399999999,1.2632378592748295,0.00998645168764533,709,6.483417987823486,-667.8854227999999
207,-989.85002,1.387552721629556,0.00998645168764533,471,4.018781900405884,-667.926428
208,-993.92228,1.4941815519552382,0.00998645168764533,213,1.8120641708374023,-668.162432
209,-982.5494,1.3718222788242909,0.00998645168764533,628,5.334352970123291,-688.0316312
210,11.467679999999955,1.3392871121155732,0.00998645168764533,1072,9.080464124679565,-668.1960227999999
211,-993.822,1.745243955842491,0.00998645168764533,209,1.7789149284362793,-668.2983727999999
212,-975.82964,1.2582792618475107,0.00998645168764533,508,4.331075191497803,-687.9353
213,-7.071200000000006,1.2831222578294859,0.00998645168764533,448,3.8641769886016846,-688.227812
214,-985.63032,1.322857908016148,0.00998645168764533,217,1.8503601551055908,-688.2366152
215,9.077280000000025,1.7376505849772457,0.00998645168764533,1024,10.633772134780884,-668.6436812
216,9.064560000000004,1.470267539708099,0.00998645168764533,888,9.853783130645752,-648.8602824
217,-974.85272,1.0527864459695728,0.00998645168764533,808,7.09438681602478,-648.6247992
218,-978.8612800000001,1.448372774039771,0.00998645168764533,704,5.972932815551758,-648.3254696
219,-980.92362,0.8920293391765183,0.00998645168764533,651,7.66368293762207,-648.2401916
220,-986.64178,1.8078953883970124,0.00998645168764533,114,1.7497730255126953,-668.119056
221,-977.8877,1.491010918171816,0.00998645168764533,651,10.011907815933228,-668.084044
222,-984.88182,1.3089550137902095,0.00998645168764533,134,1.8437938690185547,-687.6402563999999
223,-973.9298000000001,1.2076972928726812,0.00998645168764533,517,4.3973610401153564,-706.9774284
224,-996.2252199999999,1.150198154656776,0.00998645168764533,223,2.7213358879089355,-727.078104
225,-986.9822999999999,0.9603984470117781,0.00998645168764533,134,2.0611658096313477,-727.2658412
226,-980.38662,1.2469754097775994,0.00998645168764533,719,10.872215032577515,-726.8599644000001
227,-7.071200000000006,1.7377070552819143,0.00998645168764533,448,6.890443801879883,-707.1508588
228,-975.98348,1.2416988703447207,0.00998645168764533,709,10.904994010925293,-706.799244
229,-977.29278,1.4283447821394843,0.00998645168764533,827,12.726967096328735,-726.5809844
230,19.2284,1.3648509540472678,0.00998645168764533,1392,19.41808295249939,-706.647454
231,-984.88182,2.009970609341929,0.00998645168764533,134,1.137584924697876,-726.5442152
232,-977.4042,1.1457333405271162,0.00998645168764533,629,5.3516809940338135,-726.07869
233,-1000.69198,1.050480110079528,0.00998645168764533,382,4.19886326789856,-726.4241812
234,-979.7102600000001,1.5445475377653277,0.00998645168764533,742,11.412612915039062,-746.1814696
235,-994.9591999999999,1.449845238221123,0.00998645168764533,209,3.216874122619629,-746.4847672000001
236,-994.9707199999999,1.3723840861242602,0.00998645168764533,209,3.210336923599243,-746.6865452
237,-974.75176,2.0695253801889275,0.00998645168764533,352,5.413993835449219,-746.2569607999999
238,-7.065440000000007,2.190688375366985,0.00998645168764533,448,6.889369010925293,-726.7704176
239,-7.071200000000006,1.14363592623496,0.00998645168764533,448,6.890812158584595,-707.2942524
240,-974.2951999999999,2.0551065947177087,0.00998645168764533,1033,13.18308711051941,-727.0358348
241,-980.9581800000001,1.5402070610682421,0.00998645168764533,651,10.01327109336853,-746.8852368
242,13.41248000000001,1.6845281800156446,0.00998645168764533,632,9.419941902160645,-746.4755632
243,-969.7442000000001,1.1484320575805724,0.00998645168764533,669,8.02061915397644,-745.9710328
244,-981.5756399999999,1.0462008272216246,0.00998645168764533,629,7.5695860385894775,-745.8948868
245,-983.24108,1.4589539632065185,0.00998645168764533,404,3.4302172660827637,-746.0276764
246,-981.1039999999999,1.2174097955973942,0.00998645168764533,657,5.560035228729248,-746.0497620000001
247,-979.08188,1.482676772022428,0.00998645168764533,709,6.037811279296875,-765.90011
248,-7.071200000000006,1.2491673599423458,0.00998645168764533,448,3.7861459255218506,-746.4644224
249,-978.57678,1.3805177436179408,0.00998645168764533,786,6.679509878158569,-766.2734028
250,-980.73866,1.4708431873044965,0.00998645168764533,639,9.159119844436646,-786.1557584000001
251,-984.8811,1.892789142685873,0.00998645168764533,134,1.3062829971313477,-785.9319019999999
252,-978.53806,1.282544889802656,0.00998645168764533,635,9.240736722946167,-785.9245716
253,-993.82776,1.4480957982785394,0.00998645168764533,209,3.218379020690918,-785.7872872
254,7.497919999999992,1.4338117530554115,0.00998645168764533,912,8.498974084854126,-766.0165892
255,-993.7661,1.3344243024544689,0.00998645168764533,203,3.1199779510498047,-766.2183064
256,14.290399999999952,1.0957605989817052,0.00998645168764533,936,11.873476028442383,-746.3092576
257,-7.071200000000006,1.5971738846232515,0.00998645168764533,448,5.060566186904907,-726.6536811999999
258,-4.800399999999951,1.3041397698686732,0.00998645168764533,1848,23.30488610267639,-706.8712436000001
259,-978.48928,1.0971226349207737,0.00998645168764533,481,7.398680686950684,-706.7900412
260,-983.59444,0.8326531776249068,0.00998645168764533,677,10.007039070129395,-726.6912836
261,9.654400000000086,1.0967913889295249,0.00998645168764533,904,13.47648310661316,-706.6217556
262,-999.62734,0.679044843318565,0.00998645168764533,382,4.076575994491577,-707.0977095999999
263,-978.78166,1.0527234532580059,0.00998645168764533,547,8.413352012634277,-726.5319188
264,-981.70312,1.1297115010826888,0.00998645168764533,184,2.0983328819274902,-726.4533748
265,-984.88182,0.7253034034180942,0.00998645168764533,134,1.1328940391540527,-746.3325568
266,-993.82776,0.6240692308916751,0.00998645168764533,209,2.0847179889678955,-766.3904032
267,-976.6703399999999,1.2029501947621761,0.00998645168764533,903,11.163678884506226,-766.4267556
268,12.000319999999999,1.183038742509297,0.00998645168764533,648,5.516241788864136,-746.6095236
269,13.356080000000006,0.9157904736061073,0.00998645168764533,632,5.4011101722717285,-726.7239296
270,-979.95722,0.8524213708105773,0.00998645168764533,699,5.937604665756226,-726.5902384
271,-7.071200000000006,1.002314263180389,0.00998645168764533,448,3.8046059608459473,-707.1739084
272,-973.24972,0.9595050155943217,0.00998645168764533,989,8.931550979614258,-706.9412664
273,16.043040000000005,1.0897825405100767,0.00998645168764533,808,8.721482992172241,-687.1418096
274,-992.7708,1.220964841887747,0.00998645168764533,209,2.231602907180786,-687.0727211999999
275,-981.04618,1.1616225445750374,0.00998645168764533,703,5.964419841766357,-686.9539988
276,-981.1777,1.2140763318611305,0.00998645168764533,659,6.148293733596802,-686.9698204
277,-979.04158,1.1899627585342785,0.00998645168764533,659,8.191569089889526,-706.409228
278,12.31455999999999,1.3134040710887624,0.00998645168764533,632,7.335332155227661,-686.6432672
279,-983.2280599999999,1.1078370619757936,0.00998645168764533,203,2.2348737716674805,-686.7619728
280,-977.73822,1.2751352017761162,0.00998645168764533,590,5.789694309234619,-706.7013051999999
281,-1000.6804599999999,1.174857295363293,0.00998645168764533,382,4.467030763626099,-707.0172779999999
282,-983.41692,1.5234430989762837,0.00998645168764533,669,8.002819061279297,-707.1375324
283,-7.071200000000006,0.8301193102452089,0.00998645168764533,448,6.422013282775879,-687.2651168
284,-7.071200000000006,1.0739458007758782,0.00998645168764533,448,6.886873722076416,-667.8123356
285,14.144400000000012,0.8973109150085494,0.00998645168764533,648,9.967281103134155,-647.6302635999999
286,-990.3753399999999,1.6378324694506088,0.00998645168764533,243,3.736433982849121,-647.538356
287,-982.08984,1.1464683699182021,0.00998645168764533,657,10.105818033218384,-647.6851176
288,11.331520000000001,1.3142546781701694,0.00998645168764533,680,9.661325931549072,-647.3171784
289,13.350320000000004,0.81905722628492,0.00998645168764533,632,7.274623870849609,-646.908748
290,-982.4360399999999,1.1265426841299975,0.00998645168764533,669,5.817193984985352,-647.0715648
291,-983.41428,1.076348205406514,0.00998645168764533,164,1.4166021347045898,-647.1206867999999
292,-992.52648,1.403291016698868,0.00998645168764533,193,2.787670135498047,-667.239466
293,-980.3138200000001,1.2245825711367018,0.00998645168764533,719,9.157630920410156,-667.4508584
294,-7.071200000000006,1.004171367883308,0.00998645168764533,448,3.8063910007476807,-647.9607695999999
295,-979.3005199999999,1.0803696401890572,0.00998645168764533,669,5.821200847625732,-647.8819584
296,-7.071200000000006,1.31848211824711,0.00998645168764533,448,5.064414024353027,-628.4013024
297,-977.17846,1.3674899609932474,0.00998645168764533,619,5.2423176765441895,-628.363234
298,11.510479999999934,1.4122787921696727,0.00998645168764533,768,6.4934821128845215,-627.9916003999999
299,-993.10342,1.3592182352696232,0.00998645168764533,223,2.2010979652404785,-628.2821332
300,11.798079999999938,0.9404892327273212,0.00998645168764533,704,9.75126314163208,-608.4313983999999
301,13.03032000000001,1.1390529413790913,0.00998645168764533,648,9.949723958969116,-588.47317
302,10.375279999999993,0.8456586719009103,0.00998645168764533,824,12.503420114517212,-568.6949032
303,-975.6532199999999,0.9116847384779394,0.00998645168764533,798,12.283914804458618,-568.3314124
304,-1000.6804599999999,1.0092737570231907,0.00998645168764533,382,5.868607997894287,-588.4949799999999
305,-984.8964199999999,1.415501320231016,0.00998645168764533,135,2.0697789192199707,-588.3175864
306,-974.7336799999999,0.8796090694308041,0.00998645168764533,808,11.277531862258911,-608.098068
307,-995.29648,0.931593311474555,0.00998645168764533,225,1.9093687534332275,-627.8625735999999
308,-995.3041599999999,1.0010483902444443,0.00998645168764533,225,1.9127140045166016,-647.6726487999999
309,-980.25658,0.9411250970252532,0.00998645168764533,719,7.414263963699341,-647.7079948
310,-993.7661,1.4141529890997657,0.00998645168764533,203,3.085603952407837,-647.911428
311,13.036080000000013,1.4755856215416305,0.00998645168764533,648,5.458813905715942,-647.8437944
312,-994.9707199999999,0.8499066800137527,0.00998645168764533,209,1.9778130054473877,-647.750662
313,-984.53356,1.216105760986565,0.00998645168764533,421,5.675314903259277,-647.8657
314,-976.99106,1.3047610043786557,0.00998645168764533,1066,16.38890314102173,-647.7714588
315,14.071919999999995,1.2820172782377972,0.00998645168764533,648,9.752719163894653,-627.792384
316,-985.18944,1.53737104167391,0.00998645168764533,145,1.6579780578613281,-627.6196176
317,-7.065440000000006,1.6672261317206514,0.00998645168764533,448,6.8920252323150635,-608.2275196
318,-986.09652,1.0432889613119485,0.00998645168764533,293,4.508573055267334,-628.1894563999999
319,-10.55408000000001,1.323937248677739,0.00998645168764533,664,8.736590147018433,-628.6676596
320,12.308799999999987,1.3650662404112224,0.00998645168764533,632,9.375015020370483,-608.8223392
321,10.15479999999997,1.1746456965097773,0.00998645168764533,832,12.010531902313232,-608.4778192
322,-976.75614,1.434554621724854,0.00998645168764533,590,7.305783987045288,-608.5479475999999
323,-976.8390999999999,1.3485409689290355,0.00998645168764533,651,10.008580207824707,-628.4055904
324,9.883359999999954,1.407604016751845,0.00998645168764533,896,13.580929040908813,-608.3525072
325,-7.071200000000006,1.494175781451174,0.00998645168764533,448,5.600994110107422,-588.8730075999999
326,13.424000000000014,1.2416763363650682,0.00998645168764533,632,8.054174900054932,-568.9809736
327,-985.19016,0.7837837533126103,0.00998645168764533,145,1.5456488132476807,-569.1039452
328,-984.85096,1.221912381396143,0.00998645168764533,184,1.910768747329712,-589.0472556
329,-995.3465,1.3856985308209764,0.00998645168764533,231,3.40049409866333,-589.2896244
330,-986.9822999999999,1.545896262191097,0.00998645168764533,134,2.0553860664367676,-589.474506
331,-977.5829,1.1737376172870433,0.00998645168764533,643,9.888922929763794,-589.0125548
332,-990.5476,1.2861874537190878,0.00998645168764533,249,3.830272912979126,-589.1551684
333,-7.071200000000006,1.4262097353140624,0.00998645168764533,448,6.890894889831543,-589.1551684
334,5.136320000000017,1.0080100439183297,0.00998645168764533,1280,12.654751062393188,-588.911018
335,-7.071200000000006,1.2874088174461835,0.00998645168764533,448,4.875051975250244,-589.33533
336,-985.8066399999999,0.6578469356894493,0.00998645168764533,225,3.178422689437866,-589.2439559999999
337,-983.6438400000001,1.2096166142252298,0.00998645168764533,729,7.852003812789917,-589.275036
338,11.971519999999988,1.089604991706617,0.00998645168764533,648,5.547213077545166,-589.262236
339,-979.9289,1.3040311243191944,0.00998645168764533,651,8.53202509880066,-609.1278204
340,-981.4990799999999,1.2295297119089648,0.00998645168764533,677,9.610589981079102,-609.1090812
341,-978.88754,1.0613658960641128,0.00998645168764533,651,8.458570957183838,-609.0185464
342,-979.3480999999999,1.4285364223325527,0.00998645168764533,570,7.779510974884033,-608.7549788
343,-981.53404,1.1838603866433772,0.00998645168764533,677,9.12523889541626,-608.7793832
344,-984.88254,1.3089438978888428,0.00998645168764533,134,2.0572800636291504,-628.33561
345,-981.05342,1.3872280006828928,0.00998645168764533,702,8.12197494506836,-628.370668
346,-993.1376,1.5572786307479771,0.00998645168764533,225,2.4573140144348145,-648.091996
347,-975.9455399999999,1.2250344046903896,0.00998645168764533,758,9.885555744171143,-648.0673376
348,-979.94392,1.2383642125322913,0.00998645168764533,697,8.911127090454102,-667.8964255999999
349,8.101439999999963,1.092089869641826,0.00998645168764533,880,13.539162874221802,-647.8723284
350,-7.402720000000007,1.1040657456745473,0.00998645168764533,464,6.307152986526489,-648.2563444
351,-7.071200000000006,1.282144370495059,0.00998645168764533,448,4.951430797576904,-648.6583747999999
352,-982.55112,1.0355749895932875,0.00998645168764533,729,10.94364070892334,-668.5169027999999
353,-7.071200000000006,1.5952374516075776,0.00998645168764533,448,4.726952075958252,-649.1452624
354,-7.071200000000006,0.9693214421567973,0.00998645168764533,448,4.011619806289673,-629.2730772
355,-986.64178,0.8499975775474715,0.00998645168764533,114,1.2808959484100342,-629.3079844
356,-981.9365399999999,1.3712333083582406,0.00998645168764533,698,6.351659059524536,-629.4520416
357,-979.79126,1.3421076133368806,0.00998645168764533,547,4.555879831314087,-629.1419371999999
358,-999.62734,1.5415345927485855,0.00998645168764533,382,3.672398805618286,-629.2284008
359,-980.7616800000001,1.4331180932134098,0.00998645168764533,689,10.597600221633911,-629.2385028
360,9.768639999999944,1.3941910716018173,0.00998645168764533,800,9.40628719329834,-609.167808
361,-984.4972799999999,1.349545866280702,0.00998645168764533,768,8.144213914871216,-629.1184751999999
362,-979.3269799999999,1.205691167738354,0.00998645168764533,570,5.569191932678223,-628.8056004
363,-984.88182,0.9588815819006413,0.00998645168764533,134,1.3536617755889893,-628.8125656
364,-973.89608,1.207767894230049,0.00998645168764533,609,6.228472709655762,-628.750666
365,-977.7599799999999,1.230354996678169,0.00998645168764533,547,4.66921067237854,-648.587304
366,-980.02706,1.131103477387127,0.00998645168764533,651,5.545324087142944,-648.4840564
367,14.254719999999953,1.2803139493815885,0.00998645168764533,736,6.236777067184448,-648.0576532
368,-995.30224,1.0007592071323759,0.00998645168764533,225,1.9453248977661133,-648.2417676
369,-981.3733199999999,1.6872197859440283,0.00998645168764533,669,6.13279914855957,-667.6581524
370,-7.071200000000006,1.4917063101020176,0.00998645168764533,448,4.128677845001221,-668.0457524000001
371,11.314239999999995,1.1315468188368387,0.00998645168764533,680,5.7590248584747314,-668.0225636
372,-977.7284599999999,1.2569378353416973,0.00998645168764533,547,4.629301071166992,-668.04201
373,-994.9649599999999,2.1947770882175086,0.00998645168764533,209,1.7786788940429688,-668.4045272
374,-970.0351999999999,1.496166313084857,0.00998645168764533,681,5.835023880004883,-688.0028983999999
375,-1002.61604,1.5541567703518842,0.00998645168764533,573,5.787397146224976,-707.9137952
376,11.445359999999994,1.2340923830371477,0.00998645168764533,816,10.056572914123535,-707.9533680000001
377,-992.52648,0.8364166418872194,0.00998645168764533,193,1.8064839839935303,-708.1000944
378,5.8603199999999935,1.2859151317237842,0.00998645168764533,1080,12.217015027999878,-688.2858688
379,-976.60454,1.1012535233480805,0.00998645168764533,946,8.752099990844727,-687.9110296
380,-973.9550399999999,1.1872919370974462,0.00998645168764533,768,9.737426042556763,-687.6504844
381,-985.2133399999999,0.8590209570154548,0.00998645168764533,150,1.2688610553741455,-687.8030932
382,-1000.6843,1.416538559419654,0.00998645168764533,382,4.803604364395142,-688.0058271999999
383,-981.36466,1.0868068632627619,0.00998645168764533,619,8.47347903251648,-707.4916963999999
384,-979.5338999999999,1.4451598319449641,0.00998645168764533,738,9.889961957931519,-727.1851007999999
385,-980.93786,1.3470423670110798,0.00998645168764533,651,8.105320930480957,-746.662434
386,-981.75686,1.1506137109860044,0.00998645168764533,639,9.449664831161499,-746.5814384
387,-7.065440000000007,1.629674742446306,0.00998645168764533,448,3.830177068710327,-727.0498703999999
388,-974.0181200000001,1.4737540796734616,0.00998645168764533,669,8.175204992294312,-746.7696632
389,-978.40972,1.6409377066147572,0.00998645168764533,629,5.90489387512207,-746.7392796
390,-7.071200000000006,1.316518699936361,0.00998645168764533,448,3.795231819152832,-727.250722
391,10.6512,1.3436703576616096,0.00998645168764533,712,6.035597085952759,-707.4599472
392,-980.285,1.1514857800069787,0.00998645168764533,820,6.929873943328857,-707.4786852000001
393,-977.5590799999999,1.1938332053430465,0.00998645168764533,1285,10.9066641330719,-707.3991860000001
394,-978.9530599999999,1.2017688672115507,0.00998645168764533,651,5.539010047912598,-707.2805963999999
395,-985.18944,1.1037329274775654,0.00998645168764533,145,1.2217950820922852,-707.3633168
396,-979.4510799999999,1.1581212529490263,0.00998645168764533,677,5.736533880233765,-707.0895863999999
397,-986.52476,1.5671876827976339,0.00998645168764533,213,1.8044400215148926,-707.3011707999999
398,-984.88182,1.1939945975388053,0.00998645168764533,134,1.1371159553527832,-707.3999288
399,-983.11798,1.4106165558213786,0.00998645168764533,147,1.2447919845581055,-727.2243172
400,-985.0953599999999,0.9999899287491697,0.00998645168764533,241,2.034208059310913,-746.7781699999999
401,-993.91652,1.1295838601288206,0.00998645168764533,213,1.8000359535217285,-766.5150764
402,-971.7062,1.2977769001418364,0.00998645168764533,357,3.026533842086792,-766.298178
403,-993.82776,2.2714510964581733,0.00998645168764533,209,1.7811779975891113,-786.0333092
404,-7.071200000000006,1.4599291107317964,0.00998645168764533,448,3.8045361042022705,-786.0333092
405,-7.071200000000006,1.8778856515242037,0.00998645168764533,448,3.795520067214966,-766.4418976
406,12.046159999999997,1.5801139043613295,0.00998645168764533,696,5.909117937088013,-746.5622435999999
407,-979.69696,1.2580229011636763,0.00998645168764533,1145,9.694994926452637,-746.5603576
408,-980.71562,1.2037754917753414,0.00998645168764533,639,5.423176050186157,-746.1821231999999
409,-981.46858,1.6391974728170264,0.00998645168764533,223,1.876680850982666,-746.1962612
410,16.323839999999997,1.646837371776017,0.00998645168764533,792,11.264892101287842,-746.0651571999999
411,12.52896000000009,1.740128214040698,0.00998645168764533,712,10.048842906951904,-726.1246324
412,-7.071200000000006,1.6344171487320895,0.00998645168764533,448,5.186565160751343,-706.6795168
413,-980.32596,1.291943133505192,0.00998645168764533,669,8.689354181289673,-706.5883996
414,-978.3823600000001,1.4614858130753823,0.00998645168764533,677,10.41225814819336,-706.6781252
415,-985.18944,2.2918137425749467,0.00998645168764533,145,2.228706121444702,-706.8267143999999
416,-984.88182,1.547344067585724,0.00998645168764533,134,2.0103940963745117,-706.9238095999999
417,13.05336000000002,1.3343943623835968,0.00998645168764533,648,8.262907028198242,-706.9478367999999
418,-994.9591999999999,1.2281951684500292,0.00998645168764533,209,2.3117101192474365,-706.940976
419,-982.4571599999999,1.3408835073939966,0.00998645168764533,669,10.28139591217041,-706.9626527999999
420,-7.071200000000006,1.6012795950498133,0.00998645168764533,448,4.975046157836914,-706.9626527999999
421,-992.24224,1.303581124627153,0.00998645168764533,184,1.5817909240722656,-727.0337824
422,-981.28246,1.3132092950992567,0.00998645168764533,719,9.742979764938354,-727.1048624
423,-989.0580199999999,1.6509307297888145,0.00998645168764533,183,2.8167388439178467,-726.9867236
424,-978.61706,1.326775635681545,0.00998645168764533,639,7.989917278289795,-727.1583608
425,-7.071200000000006,1.2499124836966595,0.00998645168764533,448,3.7904212474823,-707.247464
426,-984.3042399999999,1.7640187133505356,0.00998645168764533,153,1.2848739624023438,-727.1624559999999
427,-995.30224,1.3514942637624012,0.00998645168764533,225,1.902817964553833,-727.2179712000001
428,-986.6268799999999,2.381672099982677,0.00998645168764533,113,0.9508020877838135,-747.0677152
429,14.086080000000013,1.5012905213659928,0.00998645168764533,648,9.848441123962402,-727.2539027999999
430,-974.16038,1.6985687239683331,0.00998645168764533,778,10.824530124664307,-727.2580095999999
431,-982.1456,1.4568936582512961,0.00998645168764533,657,7.658968210220337,-727.1966547999999
432,-6.351520000000004,1.4774117144697811,0.00998645168764533,464,7.136193037033081,-707.3099992
433,-975.9553,1.617276429619085,0.00998645168764533,463,7.121575832366943,-707.2018119999999
434,-986.6954599999999,1.7615843098684278,0.00998645168764533,1075,16.537101984024048,-707.3450432
435,-978.15094,1.637970758951755,0.00998645168764533,719,9.67670726776123,-707.2893048
436,-969.91722,1.9101989566059634,0.00998645168764533,374,5.351649045944214,-707.052512
437,-978.6566,1.5337064452598699,0.00998645168764533,540,5.315945863723755,-726.4843351999999
438,-985.18944,0.8919469254155611,0.00998645168764533,145,1.2172467708587646,-726.7077615999999
439,-7.071200000000006,1.8434569534687657,0.00998645168764533,448,3.7856500148773193,-707.2809912
440,-980.93322,1.4700018160950719,0.00998645168764533,651,5.521182298660278,-726.7582316
441,10.84575999999998,1.691063976797716,0.00998645168764533,752,6.377709865570068,-726.7543403999999
442,-997.4085,1.4309630710155254,0.00998645168764533,479,4.067605972290039,-727.0968104
443,-979.3272599999999,1.3119707487948415,0.00998645168764533,719,6.118156671524048,-727.132174
444,-982.4322,1.3369096195553563,0.00998645168764533,669,6.261614084243774,-727.2017568
445,-975.98248,1.3204915096549164,0.00998645168764533,665,8.69764232635498,-727.0176176
446,-993.82776,1.6724593412536575,0.00998645168764533,209,2.0862669944763184,-727.3051512
447,-964.6287199999999,1.5327101639900396,0.00998645168764533,976,13.134696006774902,-726.8672303999999
448,-981.97362,1.7318766151602092,0.00998645168764533,651,9.519575119018555,-726.8090664
449,7.842079999999987,1.3075333600676255,0.00998645168764533,1440,17.67191791534424,-706.9898651999999
450,13.361840000000008,1.558497958622808,0.00998645168764533,632,9.64161205291748,-687.0207212
451,-980.4579799999999,0.7466205308914998,0.00998645168764533,174,2.6746339797973633,-686.7515503999999
452,12.721840000000022,1.2993209261513112,0.00998645168764533,664,10.218979835510254,-667.0629896
453,-980.00044,1.2016850876080778,0.00998645168764533,253,2.486023187637329,-666.7864431999999
454,-986.6268799999999,0.9957916946933333,0.00998645168764533,113,0.9499201774597168,-686.3775568
455,-981.31308,1.4589227100737712,0.00998645168764533,164,1.3718280792236328,-705.8623944000001
456,11.686080000000008,1.1343603385479122,0.00998645168764533,664,8.886905193328857,-705.869596
457,-977.7836799999999,1.160584774260853,0.00998645168764533,745,11.455960988998413,-705.8313304
458,-986.12696,1.7633801024187252,0.00998645168764533,144,2.212301015853882,-705.9395572
459,-984.88182,1.1937520269499118,0.00998645168764533,134,2.0593230724334717,-706.007822
460,-980.89624,1.426647297529294,0.00998645168764533,649,8.775805950164795,-725.9522236
461,-993.14528,1.6959731340739461,0.00998645168764533,225,1.894670009613037,-746.0657084
462,-980.11848,1.590532609812882,0.00998645168764533,560,4.726822853088379,-765.526654
463,-979.9658199999999,1.8054068627346667,0.00998645168764533,651,5.537116050720215,-765.5194512
464,-984.88766,1.2219553554771851,0.00998645168764533,131,1.1139438152313232,-765.6495572
465,-991.69926,1.7912413965490923,0.00998645168764533,355,2.9987568855285645,-765.7797535999999
466,-981.9774600000001,1.446388604750316,0.00998645168764533,651,5.519170761108398,-765.7216664
467,-982.42968,1.938492879478468,0.00998645168764533,720,6.103183031082153,-785.6313272
468,9.98815999999998,1.5169412039691539,0.00998645168764533,840,7.141292095184326,-765.53238
469,9.224400000000044,1.4853525689520846,0.00998645168764533,1320,11.203954935073853,-745.6987488
470,-7.071200000000006,1.4233700399220521,0.00998645168764533,448,3.789886236190796,-745.6987488
471,-978.7793,1.4020229607754109,0.00998645168764533,547,8.245315074920654,-745.42949
472,-981.36466,1.5931631945410627,0.00998645168764533,619,9.525081157684326,-745.431134
473,-978.95812,1.449947688778266,0.00998645168764533,253,3.882567882537842,-745.229136
474,-995.29648,1.6242516120978527,0.00998645168764533,225,2.2003331184387207,-745.5627244
475,-973.85154,1.3978364136619998,0.00998645168764533,867,12.414830207824707,-764.8983311999999
476,-985.7424,2.4811977840198036,0.00998645168764533,121,1.8599998950958252,-764.9270943999999
477,13.344560000000001,2.0304125607569254,0.00998645168764533,632,6.600522041320801,-744.7541584
478,-992.2728000000001,1.9715257456042512,0.00998645168764533,233,1.9590709209442139,-744.8670768
479,-988.8613399999999,1.3745041794207846,0.00998645168764533,174,2.6479899883270264,-764.9260252
480,-979.8916200000001,1.756077227580394,0.00998645168764533,651,7.198621988296509,-765.04065
481,5.461680000000001,1.1934838637215661,0.00998645168764533,1152,15.790213108062744,-745.2885044
482,1.1936000000000346,0.9710805202739208,0.00998645168764533,1704,21.34511637687683,-745.137602
483,-984.8370199999999,1.0561245380484716,0.00998645168764533,1531,18.065694093704224,-745.3152364
484,-970.0797399999999,1.2979920243619587,0.00998645168764533,638,7.491761207580566,-744.9829219999999
485,-981.39068,1.1688510599624093,0.00998645168764533,669,9.780687808990479,-745.0477168000001
486,-994.9707199999999,0.8468322620446388,0.00998645168764533,209,2.628627061843872,-745.5487867999999
487,-981.73054,1.2736034342876073,0.00998645168764533,638,9.346714973449707,-745.6102655999999
488,-983.27348,1.456876203128792,0.00998645168764533,709,8.64148998260498,-745.5719464
489,-982.75252,1.0937932049518753,0.00998645168764533,788,8.172679901123047,-765.0855727999999
490,-993.82776,1.443255445819669,0.00998645168764533,209,2.7051191329956055,-765.3434636
491,-967.63978,1.162026325979607,0.00998645168764533,467,5.127173185348511,-784.9131744
492,-980.8924,1.3474507538654852,0.00998645168764533,649,7.039344787597656,-784.5828524
493,-986.64178,0.9836281555655756,0.00998645168764533,114,0.9869241714477539,-784.7291428
494,-976.77962,0.9114798023129389,0.00998645168764533,651,7.326295852661133,-784.6160911999999
495,13.36760000000001,1.135711943047693,0.00998645168764533,632,5.3934080600738525,-764.8290896
496,-980.9947400000001,1.1062195483529325,0.00998645168764533,651,10.011533975601196,-764.5724292
497,-981.7453399999999,1.1990029153848396,0.00998645168764533,639,8.693283796310425,-764.9147616
498,-996.5239999999999,1.366131546289576,0.00998645168764533,233,3.5821688175201416,-765.2057692
499,-980.6633199999999,1.599784472753994,0.00998645168764533,685,8.67310380935669,-784.9758772
500,-963.8996,1.6441099305306255,0.00998645168764533,985,11.535391807556152,-804.521106
501,-984.0885599999999,1.4039649035880544,0.00998645168764533,193,2.180544853210449,-804.5937176
502,6.210719999999989,1.6940247583933907,0.00998645168764533,1696,19.772675037384033,-804.72394
503,8.577200000000031,1.45157430572657,0.00998645168764533,1008,10.67909288406372,-784.9523872
504,13.384880000000017,1.3363682728450852,0.00998645168764533,632,8.86282229423523,-764.952152
505,-979.9001000000001,1.0107246226231967,0.00998645168764533,651,6.507839918136597,-764.9238924
506,-987.01828,1.1202361018710216,0.00998645168764533,1085,15.705402135848999,-784.8979796
507,-992.24224,1.214205573097823,0.00998645168764533,184,2.824254274368286,-785.1871507999999
508,-7.071200000000006,1.1398768898704605,0.00998645168764533,448,3.8293230533599854,-765.6060356
509,-983.11798,0.9816185915209099,0.00998645168764533,147,1.8615663051605225,-765.5707588
510,-992.52648,1.159788472133983,0.00998645168764533,193,2.133272886276245,-765.8033636
511,-985.3343,1.101248618541056,0.00998645168764533,203,1.7305667400360107,-765.647144
512,14.350079999999927,1.3770930964545607,0.00998645168764533,832,7.033945083618164,-745.7577728
513,-969.07772,0.9211163463641316,0.00998645168764533,436,4.844239950180054,-745.5400108
514,-980.1376799999999,1.3934314273048325,0.00998645168764533,560,4.93614387512207,-745.4450112
515,-974.3522999999999,1.5435505129828833,0.00998645168764533,690,8.53517198562622,-745.098072
516,-7.071200000000006,1.212349501190017,0.00998645168764533,448,6.8905980587005615,-725.5999468
517,-7.071200000000006,1.2132221790618911,0.00998645168764533,448,5.228858947753906,-706.0927772
518,-975.23174,1.0551996949785836,0.00998645168764533,730,10.785515069961548,-725.7971752000001
519,-984.88182,1.192666001471955,0.00998645168764533,134,2.054108142852783,-745.6792995999999
520,-978.43336,1.2200972294609225,0.00998645168764533,577,6.724762916564941,-765.1065428
521,-992.52648,0.6770244643449242,0.00998645168764533,193,2.869478940963745,-765.3814864
522,-977.10542,1.2150805893576793,0.00998645168764533,619,7.5035929679870605,-765.2963016
523,-7.071200000000006,1.1096823202834847,0.00998645168764533,448,3.7768828868865967,-745.8585631999999
524,-7.071200000000006,1.529024631352513,0.00998645168764533,448,5.2036292552948,-726.0940575999999
525,-981.6327600000001,1.8999200011245863,0.00998645168764533,677,7.668749094009399,-726.249682
526,-984.2874400000001,1.6337209491632483,0.00998645168764533,809,8.393278121948242,-726.2205828
527,13.041840000000015,1.5477827902866044,0.00998645168764533,648,9.96094274520874,-726.2266371999999
528,-995.46156,1.422327449036194,0.00998645168764533,236,3.200584888458252,-726.2904123999999
529,-968.99616,1.4570007846462734,0.00998645168764533,384,3.250887155532837,-725.8931088
530,-980.13276,1.6392159819758187,0.00998645168764533,612,5.191204786300659,-725.8979316
531,-979.9671999999999,1.435379151057652,0.00998645168764533,857,8.90457010269165,-745.6065092
532,-972.6164799999999,1.4696949696262849,0.00998645168764533,857,7.912674903869629,-765.0827107999999
533,-989.5349199999999,0.8938120375571427,0.00998645168764533,253,2.7590012550354004,-765.1766688
534,-978.0429599999999,1.8148765436190712,0.00998645168764533,560,8.160655736923218,-765.3359332
535,-975.88208,1.4924045921156521,0.00998645168764533,609,6.261075973510742,-765.2257612
536,-977.75354,1.282540351687903,0.00998645168764533,847,10.782150268554688,-764.8814176
537,12.159600000000008,1.4983030766536969,0.00998645168764533,840,9.590801239013672,-745.0036147999999
538,15.197839999999985,1.217951609663419,0.00998645168764533,696,7.269645690917969,-725.0341884
539,-1000.427,1.5402516583068377,0.00998645168764533,372,3.378668785095215,-725.387678
540,13.361840000000008,1.164714929069351,0.00998645168764533,632,8.656459093093872,-705.2438860000001
541,-974.2820399999999,1.0508389296933567,0.00998645168764533,885,10.67134690284729,-705.3767311999999
542,-980.72896,1.3435464468047953,0.00998645168764533,689,6.216933965682983,-705.3734624
543,-973.6709599999999,1.57482998645899,0.00998645168764533,808,10.319424867630005,-705.1140459999999
544,-972.1971599999999,1.2598763166046663,0.00998645168764533,837,10.64166808128357,-705.0223968
545,-982.8340000000001,1.2508631321623196,0.00998645168764533,689,9.871012687683105,-724.9464288
546,-7.071200000000006,1.1764027944425055,0.00998645168764533,448,4.202493190765381,-705.467958
547,-972.34586,1.2448597646152344,0.00998645168764533,847,9.38543701171875,-705.2799683999999
548,-983.19336,1.2665414261868573,0.00998645168764533,857,7.267950057983398,-705.0133556
549,-7.042400000000006,1.2813047355126141,0.00998645168764533,448,6.430783987045288,-685.5409372
550,11.710000000000022,0.8812891924295972,0.00998645168764533,712,10.853347063064575,-666.0287452
551,-7.071200000000006,0.9665910559851909,0.00998645168764533,448,4.861189126968384,-646.488398
552,-973.1582799999999,0.6226658056399804,0.00998645168764533,629,5.4686598777771,-666.075778
553,-993.822,1.0735282379928888,0.00998645168764533,209,1.7719249725341797,-686.1237619999999
554,-979.52936,0.8065922149961675,0.00998645168764533,681,10.118199110031128,-705.9820467999999
555,-986.12768,1.1137801156534504,0.00998645168764533,144,1.4582037925720215,-706.1065983999999
556,-976.62468,1.2010484681617304,0.00998645168764533,293,3.155526876449585,-705.8987264
557,-981.43964,1.5071163908847107,0.00998645168764533,676,7.4291040897369385,-705.6826744
558,-985.67842,1.568698835306521,0.00998645168764533,223,1.8550782203674316,-725.2548188
559,-979.86884,1.7934927563454433,0.00998645168764533,549,6.025667190551758,-725.1898359999999
560,-977.89282,1.4094327834906613,0.00998645168764533,758,11.660226821899414,-724.8971627999999
561,-993.7661,1.4113198144549477,0.00998645168764533,203,3.122979164123535,-725.0657988
562,-7.071200000000006,1.4950934929220239,0.00998645168764533,448,6.886729955673218,-725.4942243999999
563,-7.071200000000006,1.2143552056981466,0.00998645168764533,448,6.091500759124756,-706.254094
564,-977.41662,1.0614673296938528,0.00998645168764533,530,7.211656808853149,-706.1996727999999
565,-993.82776,1.2269464948339361,0.00998645168764533,209,2.5719308853149414,-706.589182
566,-979.31224,1.6938917286645032,0.00998645168764533,817,7.777080059051514,-726.0340028
567,-987.35906,1.3710666648911392,0.00998645168764533,303,2.5667669773101807,-745.6397599999999
568,-981.9838,1.6794383942577888,0.00998645168764533,748,6.323891878128052,-745.7748012
569,-970.29388,1.9509095511746264,0.00998645168764533,797,6.751806974411011,-745.4830423999999
570,-973.05768,2.0298029020249446,0.00998645168764533,977,9.374440908432007,-745.3755288
571,-974.1689600000001,1.6004595128735415,0.00998645168764533,577,7.389530181884766,-745.0083784
572,-985.18944,2.2912170582033435,0.00998645168764533,145,1.2453629970550537,-745.1700588
573,-976.72376,1.616165233523385,0.00998645168764533,601,7.149048089981079,-764.56311
574,-968.24842,1.9292116857169173,0.00998645168764533,395,3.340986967086792,-783.7866544
575,-992.52648,1.730913838289601,0.00998645168764533,193,1.6266300678253174,-784.0045288
576,-988.85728,1.6850974713002456,0.00998645168764533,321,2.7262258529663086,-784.0959256000001
577,-993.10342,1.3628471485472748,0.00998645168764533,223,1.8876378536224365,-804.2188308
578,-978.61414,2.1787076290154026,0.00998645168764533,887,7.557345867156982,-803.8818824
579,-986.12696,1.7656654925376642,0.00998645168764533,144,1.2172439098358154,-804.2244984
580,-982.46484,1.8503031071890785,0.00998645168764533,669,5.677374839782715,-804.2711400000001
581,-974.3794800000001,1.774664799454102,0.00998645168764533,788,6.6622490882873535,-804.1593856
582,-977.73274,1.4578276478636063,0.00998645168764533,547,5.495906114578247,-804.2617108
583,-994.9707199999999,2.345204245452836,0.00998645168764533,209,2.612185001373291,-804.3704268
584,-995.29648,1.9043374346403612,0.00998645168764533,225,2.8178741931915283,-804.7154972
585,-984.51882,2.1546472369514906,0.00998645168764533,867,10.048801898956299,-804.888232
586,-7.071200000000006,2.2591125762025643,0.00998645168764533,448,3.8901288509368896,-785.4745852
587,-988.8594199999999,2.0036696437371617,0.00998645168764533,174,2.0840909481048584,-805.4949656
588,-7.071200000000006,1.7020196433222736,0.00998645168764533,448,6.611141204833984,-805.9403464
589,-7.065440000000007,1.841790628986408,0.00998645168764533,448,6.3117780685424805,-786.0731152000001
590,-976.32732,2.0159257064641576,0.00998645168764533,629,8.37461519241333,-805.8668984000001
591,-984.88182,2.1304323388604143,0.00998645168764533,134,1.6736440658569336,-806.078894
592,-985.19016,1.7531119206342203,0.00998645168764533,145,1.2263681888580322,-806.1681179999999
593,8.454079999999971,1.8211134862654876,0.00998645168764533,864,10.242345094680786,-786.5256171999999
594,-985.73692,1.7968876902239337,0.00998645168764533,124,1.0482759475708008,-786.7964124
595,-979.25662,2.0953824085860884,0.00998645168764533,719,6.115885019302368,-786.7248648000001
596,-978.80864,1.411778272674419,0.00998645168764533,600,5.4426960945129395,-806.1596136000001
597,10.04343999999999,1.6521299077088065,0.00998645168764533,992,8.428822755813599,-786.5118276
598,-977.28436,1.6671509209166055,0.00998645168764533,725,7.097810983657837,-786.3936476
599,-984.88766,0.9827557151340915,0.00998645168764533,131,1.1060771942138672,-805.9505528
600,-986.34808,1.66072632690002,0.00998645168764533,201,1.7063939571380615,-825.9117144
601,-7.071200000000006,1.562210610968967,0.00998645168764533,448,3.789232015609741,-825.9117144
602,-975.36258,1.374440583760423,0.00998645168764533,639,5.399353981018066,-825.9558004
603,-979.83358,1.0306638423217225,0.00998645168764533,547,4.640748977661133,-825.676032
604,-986.64178,2.633737248617731,0.00998645168764533,114,0.9642469882965088,-825.8182803999999
605,-978.7705000000001,1.6000775473849538,0.00998645168764533,547,4.754254102706909,-825.6711368
606,-7.065440000000006,1.0771288134648265,0.00998645168764533,448,6.766737222671509,-806.2799520000001
607,-981.79102,1.5133677770967706,0.00998645168764533,590,7.013041734695435,-806.2869796
608,-977.29058,1.6481973343831078,0.00998645168764533,570,8.76734209060669,-806.1192228
609,-994.38176,1.30592692371202,0.00998645168764533,233,3.5822479724884033,-806.4094812
610,8.85440000000001,1.7490478782401369,0.00998645168764533,1136,17.479117155075073,-786.6745368
611,-972.36302,1.5226411044371118,0.00998645168764533,847,13.020052909851074,-786.2464752
612,12.733360000000026,1.3711263007569934,0.00998645168764533,664,10.218849897384644,-785.8503840000001
613,-971.36448,1.1096943116047546,0.00998645168764533,289,3.653447151184082,-805.1362496
614,-984.37744,1.4143066900411443,0.00998645168764533,1105,10.179419755935669,-805.275466
615,-983.6077399999999,1.2876671191663536,0.00998645168764533,174,1.469811201095581,-805.0710656
616,6.683840000000041,1.2774626208419624,0.00998645168764533,1088,9.232909202575684,-785.3511440000001
617,-1000.6862199999999,1.2161928514708613,0.00998645168764533,382,3.258810043334961,-785.6176872
618,-982.55918,0.4778996162041594,0.00998645168764533,174,1.481590986251831,-785.6291947999999
619,-7.071200000000006,1.2137172852713516,0.00998645168764533,448,3.7973520755767822,-766.3647412
620,-983.5740999999999,1.9182310714323758,0.00998645168764533,223,1.8691272735595703,-766.5750696
621,-992.24224,1.3040527738377694,0.00998645168764533,184,1.5545508861541748,-766.9365352
622,-7.071200000000006,1.249941569393351,0.00998645168764533,448,4.894975900650024,-747.3741704
623,13.092480000000016,1.3326053655832821,0.00998645168764533,648,5.399274110794067,-727.5778456
624,-980.11882,1.5696070194152525,0.00998645168764533,659,7.202445030212402,-727.8152536
625,-993.81624,0.9262148077225393,0.00998645168764533,209,2.5472588539123535,-727.8410488
626,-989.43914,1.265737095986041,0.00998645168764533,303,2.584285020828247,-727.852686
627,8.368640000000052,1.3354730430195754,0.00998645168764533,968,8.213245868682861,-707.8232448
628,-985.9856,1.5718878370973526,0.00998645168764533,233,1.9711260795593262,-707.970674
629,-980.9414800000001,1.3237786629420263,0.00998645168764533,748,8.687862634658813,-707.8669644
630,-986.64178,1.3982502538384052,0.00998645168764533,114,1.754209041595459,-707.9505032
631,-977.7346600000001,1.542453565305334,0.00998645168764533,547,6.173290014266968,-708.0176068
632,-991.44242,2.0222619290065036,0.00998645168764533,243,2.274847984313965,-708.2918003999999
633,-980.27492,1.4294981569850815,0.00998645168764533,669,6.470110177993774,-707.9978844000001
634,-1000.6747,1.5835985973738231,0.00998645168764533,382,4.3759989738464355,-708.1054488
635,-7.071200000000006,1.8763781890229438,0.00998645168764533,448,5.335062742233276,-688.5564964
636,-1000.6862199999999,1.7859975138693776,0.00998645168764533,382,3.3665051460266113,-708.4287968
637,-979.43592,1.6162932862723132,0.00998645168764533,729,9.069907188415527,-708.2403268
638,-985.18944,1.861840397138791,0.00998645168764533,145,1.7414970397949219,-727.8026916
639,-7.071200000000006,1.7027002141777692,0.00998645168764533,448,6.893402814865112,-727.8028068
640,13.373360000000012,1.8108796780218688,0.00998645168764533,632,9.715694904327393,-708.0087931999999
641,15.951679999999946,1.657845311849087,0.00998645168764533,960,14.770131826400757,-687.9921232
642,-997.51846,1.460785803550864,0.00998645168764533,382,5.87034797668457,-688.2386892
643,-968.3751799999999,1.4018437084950395,0.00998645168764533,603,8.38222599029541,-707.7752744000001
644,-992.52648,1.484546308321251,0.00998645168764533,193,2.966804027557373,-707.9110656
645,-6.351520000000004,1.9474624460914316,0.00998645168764533,464,7.138193130493164,-688.4529636
646,-991.00794,1.4839310787259514,0.00998645168764533,322,4.954121112823486,-688.6969495999999
647,-977.10312,1.5340208102667627,0.00998645168764533,768,11.805394172668457,-708.4398808
648,-976.0417199999999,1.499540197797348,0.00998645168764533,669,10.289480924606323,-708.415028
649,-985.2133399999999,1.4855183487758041,0.00998645168764533,150,2.305799961090088,-708.4215416000001
650,-980.9271,1.7272073785682476,0.00998645168764533,699,10.754637241363525,-708.313122
651,-981.93572,1.4336462113333412,0.00998645168764533,1045,15.164416074752808,-727.8104124
652,13.379120000000015,1.362385051683788,0.00998645168764533,632,8.746525287628174,-708.0355784
653,-979.9428200000001,1.2526106040233806,0.00998645168764533,651,9.910864114761353,-708.0377632000001
654,11.994559999999996,1.4266529992290335,0.00998645168764533,648,9.961216926574707,-688.0650363999999
655,-980.88442,1.3864819023117598,0.00998645168764533,599,9.213460922241211,-688.1073148
656,-983.26004,1.3948420384755602,0.00998645168764533,709,10.477526664733887,-707.6312068
657,-994.9649599999999,0.9252302389097307,0.00998645168764533,209,3.206526041030884,-707.8946855999999
658,-7.065440000000007,1.2841352787353182,0.00998645168764533,448,6.889602184295654,-688.4901828000001
659,-983.41428,1.4555605838427366,0.00998645168764533,164,2.720237970352173,-688.2708332000001
660,-974.3657599999999,1.4689347469410257,0.00998645168764533,889,7.414370775222778,-707.9352364
661,-982.12448,1.7869009329034427,0.00998645168764533,657,5.480450868606567,-708.1304656
662,-979.92584,1.5102074267870436,0.00998645168764533,600,5.995661973953247,-727.9836495999999
663,-990.1436,1.7034114601686117,0.00998645168764533,233,3.46663498878479,-728.359232
664,-981.38194,1.28929915035637,0.00998645168764533,619,8.535279989242554,-728.299322
665,-978.79502,1.5706148075580024,0.00998645168764533,547,6.087910175323486,-728.2030675999999
666,-994.9649599999999,1.8197990626288336,0.00998645168764533,209,2.1827828884124756,-748.2360436
667,-966.71102,1.585879758791306,0.00998645168764533,471,4.260403871536255,-747.5565396
668,-7.065440000000006,1.5258833020956704,0.00998645168764533,448,5.628070831298828,-728.0466648
669,-984.2920399999999,1.2174776339245375,0.00998645168764533,709,7.982182264328003,-747.5910816
670,-984.88182,2.476674060111365,0.00998645168764533,134,1.1325230598449707,-747.6172359999999
671,-976.45278,1.178186221231877,0.00998645168764533,639,6.307924032211304,-747.3014468
672,-980.01672,1.4560676634345697,0.00998645168764533,657,10.104268074035645,-766.7603572
673,-980.9339200000001,1.9302488385623633,0.00998645168764533,649,9.982258796691895,-786.6408852000001
674,13.182960000000016,2.001159373020537,0.00998645168764533,792,9.7816321849823,-766.7748496
675,7.328320000000002,1.4646123186598554,0.00998645168764533,968,9.426475048065186,-746.7519584
676,8.817279999999965,1.4580361266411532,0.00998645168764533,896,9.676453828811646,-726.78683
677,-984.6596599999999,1.1045101696850155,0.00998645168764533,174,2.669469118118286,-746.647396
678,11.15231999999996,1.2376801645549005,0.00998645168764533,736,10.500337839126587,-726.7046376
679,-980.93514,1.1075463904233824,0.00998645168764533,651,9.541276216506958,-726.7045108
680,12.786879999999929,1.194675709409128,0.00998645168764533,656,7.350257873535156,-706.7159376000001
681,-982.60324,1.022101556688982,0.00998645168764533,677,10.410993099212646,-706.8133091999999
682,-984.88182,0.9625311797839214,0.00998645168764533,134,2.0597739219665527,-706.6820972
683,17.348479999999988,1.26752468302185,0.00998645168764533,744,10.044925928115845,-686.7296292000001
684,-7.071200000000006,0.7965785274749838,0.00998645168764533,448,6.227631330490112,-666.8575592
685,-7.071200000000006,1.1452902024383158,0.00998645168764533,448,6.798753023147583,-666.8575592
686,-978.0350199999999,0.9738268682246839,0.00998645168764533,563,8.608170986175537,-666.4045351999999
687,-978.5353799999999,0.8369057052542859,0.00998645168764533,639,6.2895472049713135,-666.3865244000001
688,-980.8851,0.910212015637423,0.00998645168764533,798,8.5178701877594,-666.3004376
689,-999.2107199999999,0.5918580731892974,0.00998645168764533,361,4.953366041183472,-686.1432279999999
690,-7.071200000000006,0.6546508521569194,0.00998645168764533,448,4.209144115447998,-686.5521192
691,-981.9758599999999,0.7182864225201478,0.00998645168764533,747,9.985526084899902,-706.51067
692,-994.9649599999999,0.6283261658329713,0.00998645168764533,209,3.209907054901123,-706.4595999999999
693,-995.29648,0.7917377630621195,0.00998645168764533,225,3.4590229988098145,-706.998026
694,9.264000000000024,1.1254994469174113,0.00998645168764533,1168,17.968472242355347,-686.9622164
695,6.784959999999976,1.4512533101122984,0.00998645168764533,944,14.518862962722778,-686.6994868
696,-994.9707199999999,0.9255199380816098,0.00998645168764533,209,3.206338882446289,-686.7787424
697,-994.42354,1.247143813260703,0.00998645168764533,487,7.492793083190918,-687.1251508
698,-978.34856,1.177628686941415,0.00998645168764533,625,7.816951751708984,-687.1712875999999
699,-970.3466999999999,0.9086068338145009,0.00998645168764533,798,9.715674877166748,-686.8739547999999
700,7.509360000000006,1.2341698575191704,0.00998645168764533,1048,13.296848058700562,-667.1052255999999
701,-971.42648,1.159020883831587,0.00998645168764533,345,3.269397020339966,-666.8950408
702,12.384560000000022,1.0606663559782592,0.00998645168764533,680,9.47932481765747,-666.914932
703,-7.071200000000006,0.8641019579715378,0.00998645168764533,448,5.00885009765625,-647.4574996
704,-985.43256,0.9422513075223833,0.00998645168764533,768,10.714221239089966,-667.4060420000001
705,-982.15136,1.3586598160085546,0.00998645168764533,657,8.27677607536316,-667.4313808
706,-980.02922,0.8538336016168453,0.00998645168764533,699,9.966662883758545,-667.3667644
707,-994.9707199999999,1.5942788373358083,0.00998645168764533,209,2.4642679691314697,-667.3668796
708,-981.9237,1.1072504599564372,0.00998645168764533,651,9.221895217895508,-686.8640448
709,-985.11862,1.8887587764258247,0.00998645168764533,243,2.243227005004883,-686.8981315999999
710,10.98848,1.1494640155973705,0.00998645168764533,696,8.585170030593872,-667.1910468000001
711,-7.071200000000006,1.0054429554828468,0.00998645168764533,448,6.888956069946289,-647.6899811999999
712,-980.54004,1.2506261310241622,0.00998645168764533,677,8.753303050994873,-647.7022651999999
713,-994.9707199999999,1.3725315345780986,0.00998645168764533,209,2.9618980884552,-647.7988076
714,12.216079999999952,1.1962555204264413,0.00998645168764533,936,10.654131174087524,-627.9268472
715,-984.70698,0.9013689728381448,0.00998645168764533,322,4.693155765533447,-628.0450864
716,-979.2954599999999,1.1802629182017164,0.00998645168764533,570,7.335911989212036,-627.7316964
717,-971.53514,1.1007158546074272,0.00998645168764533,859,11.584147214889526,-627.8281787999999
718,-978.3086800000001,1.2700924399717517,0.00998645168764533,629,8.608426094055176,-647.2530436
719,-981.59868,1.593553029823995,0.00998645168764533,629,8.707435131072998,-647.1991763999999
720,-993.7661,1.9536802000136761,0.00998645168764533,203,3.1203761100769043,-647.376862
721,-980.53008,1.3351027806709803,0.00998645168764533,729,11.21347975730896,-647.458408
722,-7.071200000000006,1.3156889409313277,0.00998645168764533,448,6.893419027328491,-627.9994975999999
723,-979.9480000000001,1.688608888469246,0.00998645168764533,649,9.978996992111206,-627.9797791999999
724,-991.61236,1.5073470919440857,0.00998645168764533,253,3.889763116836548,-648.0756856
725,-986.6268799999999,0.7186870647561365,0.00998645168764533,113,1.7367918491363525,-667.9547895999999
726,-992.2728000000001,1.9052755423469765,0.00998645168764533,233,3.5838160514831543,-687.9765911999999
727,-974.1859199999999,1.3234735021783117,0.00998645168764533,881,13.551306009292603,-687.7671164
728,-982.37878,1.3525187821780735,0.00998645168764533,767,10.474907159805298,-707.6377384
729,-7.071200000000006,1.3521378539912152,0.00998645168764533,448,3.8008928298950195,-688.1604596000001
730,-994.96304,1.2263882294159079,0.00998645168764533,209,2.8694651126861572,-708.3154579999999
731,8.315520000000024,1.5760213640826155,0.00998645168764533,1120,15.995770931243896,-688.4970827999999
732,-988.0137,1.5043252043086668,0.00998645168764533,719,9.350852012634277,-688.5597204
733,-980.94938,1.4427903440728005,0.00998645168764533,651,10.012067079544067,-708.5256776000001
734,-977.8783,1.278217359547051,0.00998645168764533,599,9.213338851928711,-727.9418196
735,-1000.69198,1.5385960728498127,0.00998645168764533,382,5.875249862670898,-747.8142352
736,-974.9257,1.3429686242983796,0.00998645168764533,1067,16.412997007369995,-747.7520488
737,-992.24224,1.2980870980890873,0.00998645168764533,184,2.8289148807525635,-748.026186
738,13.406720000000007,1.4604870184233318,0.00998645168764533,632,9.721040964126587,-728.1403496
739,-994.9649599999999,1.8945766165718865,0.00998645168764533,209,3.2127230167388916,-728.0554344
740,-987.77588,1.2866089406463328,0.00998645168764533,372,5.721530199050903,-747.669528
741,12.464959999999941,1.397054907856121,0.00998645168764533,672,10.336547136306763,-727.7807115999999
742,-984.1389599999999,1.4252968634607206,0.00998645168764533,145,2.2295000553131104,-727.5641916000001
743,-7.071200000000006,1.212213404236536,0.00998645168764533,448,6.15050482749939,-707.799686
744,-978.23016,1.343816083000831,0.00998645168764533,617,5.252930164337158,-727.5495692
745,-980.36466,1.0407737322788881,0.00998645168764533,570,4.881341218948364,-747.2925616
746,13.41248000000001,1.4610262640959677,0.00998645168764533,632,5.38243293762207,-727.1248975999999
747,-986.15952,1.6456014216790662,0.00998645168764533,193,1.6497550010681152,-726.9596171999999
748,-979.39586,1.5226349968371284,0.00998645168764533,679,5.775545835494995,-726.9805632
749,9.395440000000033,1.4210808800027488,0.00998645168764533,1064,9.025919914245605,-707.3857204
750,-981.1128,1.3594755120759707,0.00998645168764533,657,5.583374261856079,-727.1581636
751,13.380079999999989,1.5030230215614817,0.00998645168764533,720,6.1233179569244385,-707.4620324
752,-996.2252199999999,0.7293158455839539,0.00998645168764533,223,1.8946008682250977,-727.634228
753,-976.4630199999999,1.3979498466008218,0.00998645168764533,638,5.412891864776611,-747.0220644
754,-7.071200000000006,1.2831094151198548,0.00998645168764533,448,3.80116605758667,-727.4548372
755,-985.1071,0.9940394697933163,0.00998645168764533,243,2.0575549602508545,-727.513952
756,-986.64178,0.5771109540374917,0.00998645168764533,114,0.9634137153625488,-727.6462032000001
757,-995.30224,1.4181655192747713,0.00998645168764533,225,1.9294488430023193,-727.6528336
758,-7.071200000000006,1.3559036022197688,0.00998645168764533,448,3.8059370517730713,-708.1557836
759,-979.5722999999999,1.236351192834835,0.00998645168764533,738,6.279744863510132,-708.0448572
760,-992.24224,0.8782328383126499,0.00998645168764533,184,1.561892032623291,-728.1094716
761,-979.2342,1.3390143391827132,0.00998645168764533,716,6.092541933059692,-747.5527316
762,13.379120000000015,1.2168297264467087,0.00998645168764533,632,5.363985061645508,-727.6743484
763,-984.88254,0.8478360992870224,0.00998645168764533,134,1.1367747783660889,-727.4725848
764,-978.61694,1.124674787704715,0.00998645168764533,742,6.298998117446899,-747.2892452
765,-993.82776,1.899628946047419,0.00998645168764533,209,1.7738518714904785,-747.4716608
766,-988.7970399999999,1.6775627145152852,0.00998645168764533,417,3.5462300777435303,-747.6616924
767,-975.776,1.7890201619939214,0.00998645168764533,808,6.884629011154175,-747.7465096
768,-992.26896,0.8993535061234952,0.00998645168764533,233,1.97822904586792,-748.0257151999999
769,15.508,1.4797315572009333,0.00998645168764533,1184,13.86307668685913,-728.0835816
770,-976.44634,1.391898977693274,0.00998645168764533,791,9.296471118927002,-727.7371863999999
771,-992.26512,1.303854690706797,0.00998645168764533,233,1.9396390914916992,-727.9718872000001
772,14.736079999999987,1.7239945111738533,0.00998645168764533,968,8.070928812026978,-727.5357416
773,-976.90738,1.5547425421255845,0.00998645168764533,758,6.319058179855347,-727.4749292
774,-991.0064799999999,1.7818352262622958,0.00998645168764533,321,2.673041820526123,-727.4628116
775,15.999039999999926,1.4027961921502454,0.00998645168764533,704,5.914983034133911,-707.4102932000001
776,-979.67588,1.474437090800644,0.00998645168764533,540,4.524100065231323,-707.1583548
777,-977.985,1.2023175739039502,0.00998645168764533,612,5.0986480712890625,-707.2343364000001
778,7.46039999999997,1.372166107121923,0.00998645168764533,1312,10.941915035247803,-687.4375527999999
779,-992.41792,0.7394737975065175,0.00998645168764533,241,2.006976842880249,-707.1444872
780,13.12607999999993,1.1983811154750583,0.00998645168764533,640,5.399617910385132,-686.9827048
781,-980.74102,1.2747705366148327,0.00998645168764533,839,6.997621059417725,-706.7638356
782,-984.4816,1.21783131251833,0.00998645168764533,865,7.213769912719727,-706.6931936
783,-980.13868,0.7972893464288376,0.00998645168764533,709,5.905959844589233,-706.6769796000001
784,-7.071200000000006,0.8985134533203174,0.00998645168764533,448,3.7341299057006836,-687.2608376
785,-7.0596800000000055,1.281686293057906,0.00998645168764533,448,3.7375171184539795,-667.3881916
786,13.034959999999987,1.1114499584820559,0.00998645168764533,648,5.3979363441467285,-647.6289783999999
787,-993.09958,0.7271727782845363,0.00998645168764533,223,1.8563761711120605,-647.6461252
788,11.005760000000006,0.8577247719426275,0.00998645168764533,696,5.807113885879517,-647.6941444
789,-979.6570399999999,0.631895557237797,0.00998645168764533,233,1.9380850791931152,-647.3879860000001
790,-7.402720000000007,1.2732344330900653,0.00998645168764533,464,3.8764779567718506,-627.7805228
791,-7.071200000000006,1.0031493924626764,0.00998645168764533,448,3.733536958694458,-628.171246
792,-7.071200000000006,0.7964966260863419,0.00998645168764533,448,3.7319891452789307,-608.6298908
793,5.367759999999957,0.7394509849729115,0.00998645168764533,1208,10.070257902145386,-608.3811116
794,-979.67906,0.4691653224693566,0.00998645168764533,742,6.183459043502808,-608.4100896
795,-993.10342,0.6585843205314146,0.00998645168764533,223,1.8555850982666016,-608.6648648
796,-977.62076,0.6647731279876704,0.00998645168764533,540,4.5378289222717285,-628.4855296000001
797,-987.83548,0.6569327181918667,0.00998645168764533,124,1.032243013381958,-628.5190488000001
798,13.435520000000018,0.6725529992777584,0.00998645168764533,632,5.277638912200928,-608.6624212
799,5.734719999999971,0.6910587533310454,0.00998645168764533,992,8.266509056091309,-608.7356356
800,-991.3272,1.0652378770731845,0.00998645168764533,392,3.270662307739258,-608.9399235999999
801,-983.22422,1.1036212615590781,0.00998645168764533,203,1.6996119022369385,-628.8720096000001
802,-993.91844,0.6890031325635216,0.00998645168764533,213,1.9007611274719238,-628.825874
803,-975.39116,1.1600362058302545,0.00998645168764533,332,3.080447196960449,-628.8044368
804,14.722959999999983,1.1650985859768381,0.00998645168764533,704,6.46518087387085,-628.3685536
805,12.872239999999952,1.1542588308771937,0.00998645168764533,1056,15.45438528060913,-608.4089668
806,-986.64178,0.8549138078090261,0.00998645168764533,114,1.7539050579071045,-608.4089668
807,13.356080000000006,1.2427968153423523,0.00998645168764533,632,6.1969451904296875,-588.2358004
808,-978.002,0.8875462328703277,0.00998645168764533,657,7.177962064743042,-607.6544164
809,-989.20772,0.6093461168634277,0.00998645168764533,189,1.6120800971984863,-607.8471248000001
810,-7.065440000000006,1.1113300596168432,0.00998645168764533,448,4.723898887634277,-588.1435888
811,12.320319999999992,0.9201885238768757,0.00998645168764533,632,9.72506594657898,-568.3124984
812,-991.3139600000001,0.859518044036887,0.00998645168764533,189,2.901564836502075,-588.40636
813,9.398000000000014,1.2487758337188974,0.00998645168764533,872,12.628185033798218,-568.5207492
814,-986.9946199999999,0.7471634864181508,0.00998645168764533,131,1.8575799465179443,-568.6883028
815,-981.5659599999999,1.3983112960899862,0.00998645168764533,629,9.674209833145142,-568.4430668
816,-994.91496,1.2266534126127522,0.00998645168764533,209,2.784843921661377,-568.5654252
817,-976.21276,1.183088003351373,0.00998645168764533,421,6.4713099002838135,-568.5741604
818,-7.071200000000006,1.531044293123289,0.00998645168764533,448,6.892621755599976,-548.8702052
819,-1000.6862199999999,0.9748639258597515,0.00998645168764533,382,5.408020973205566,-569.1940896
820,-976.43638,1.676864668503356,0.00998645168764533,779,11.736248016357422,-569.1938904
821,-984.88182,1.8970836768093615,0.00998645168764533,134,2.068979263305664,-569.0462244
822,-7.071200000000006,1.951629963232595,0.00998645168764533,448,6.886025905609131,-569.4823700000001
823,-7.071200000000006,1.6707461659700908,0.00998645168764533,448,4.662053108215332,-550.0856464
824,-993.82776,1.4542209022727453,0.00998645168764533,209,2.1788101196289062,-550.142072
825,-7.071200000000006,1.0425373560823832,0.00998645168764533,448,5.561264991760254,-550.6034768
826,-984.8811,0.9650927240015077,0.00998645168764533,134,2.059227228164673,-550.7075811999999
827,-7.071200000000006,1.2535106868131802,0.00998645168764533,448,4.712292194366455,-531.2893052000001
828,-7.071200000000006,1.4955935479312237,0.00998645168764533,448,5.068763017654419,-531.5799372
829,-981.49152,1.3409260496668345,0.00998645168764533,729,6.334075927734375,-531.3614092
830,-7.065440000000007,1.1122011291819425,0.00998645168764533,448,3.793048858642578,-531.7652396
831,-993.82776,1.7509862791666646,0.00998645168764533,209,1.9848060607910156,-532.0269744
832,-981.3877,1.1432240973279386,0.00998645168764533,619,6.092804908752441,-531.9650964
833,-7.071200000000006,1.114339106630983,0.00998645168764533,448,3.7931981086730957,-512.5037468
834,-982.5501800000001,1.0443400563398266,0.00998645168764533,170,1.441317081451416,-532.0133264
835,10.432799999999943,1.5250869071273232,0.00998645168764533,1120,9.910275936126709,-531.6634768
836,11.472319999999947,1.2035975346768586,0.00998645168764533,720,7.36665415763855,-531.6947296
837,-976.8776799999999,1.2487058682738432,0.00998645168764533,1001,9.423550128936768,-531.3702916
838,-980.88906,0.8946463697348161,0.00998645168764533,651,7.044116973876953,-551.2081880000001
839,3.5540000000000154,1.0915064704317046,0.00998645168764533,1280,10.908597469329834,-531.5439672
840,13.418240000000011,0.7705772284954739,0.00998645168764533,632,5.267789125442505,-531.127548
841,12.852799999999945,0.8597479712730769,0.00998645168764533,752,6.267080783843994,-530.729068
842,-983.6096799999999,0.7279454266358957,0.00998645168764533,825,6.877072095870972,-550.2598376000001
843,-7.071200000000006,0.5503058317304489,0.00998645168764533,448,4.448331117630005,-550.5086168
844,-1000.69198,0.5571104822965602,0.00998645168764533,382,3.8603830337524414,-550.9288752
845,-6.683040000000005,0.6447562134620967,0.00998645168764533,480,4.00435471534729,-531.2004676
846,-979.93026,0.8186628019963655,0.00998645168764533,651,5.553735733032227,-531.2466575999999
847,-969.52296,0.7178247853431116,0.00998645168764533,857,7.283550024032593,-530.8804071999999
848,-981.52444,0.554531980809402,0.00998645168764533,677,5.67694878578186,-550.7796063999999
849,-989.35032,0.7256278532147125,0.00998645168764533,1449,12.123385906219482,-570.6813072
850,-995.308,0.7873260778333577,0.00998645168764533,225,1.8735778331756592,-570.7609232
851,-7.071200000000006,1.2786042071082713,0.00998645168764533,448,3.730295181274414,-551.2378628
852,-7.071200000000006,0.9306789467653809,0.00998645168764533,448,3.7314469814300537,-531.5009180000001
853,-974.1541,0.8783501383981535,0.00998645168764533,623,5.204858064651489,-531.4761768000001
854,-995.02586,0.7584067019852629,0.00998645168764533,362,3.0246949195861816,-551.6711531999999
855,-984.88838,0.739635443672154,0.00998645168764533,131,1.089601993560791,-571.6263656
856,-999.6331,1.0464714851939847,0.00998645168764533,382,3.1814727783203125,-571.886192
857,-1000.6747,1.1699277556425751,0.00998645168764533,382,3.183682918548584,-592.1668076000001
858,-980.77638,1.454475686012499,0.00998645168764533,590,4.925713062286377,-592.2222952
859,-983.2981599999999,1.4350852268119612,0.00998645168764533,953,7.9651172161102295,-592.104104
860,-998.93434,1.4458539874417844,0.00998645168764533,451,3.7554590702056885,-611.941482
861,-975.73918,1.8531653282779117,0.00998645168764533,547,4.560258150100708,-631.702672
862,-7.071200000000006,1.3844439427006623,0.00998645168764533,448,3.733983278274536,-612.0178168
863,-7.0596800000000055,1.6295851654545654,0.00998645168764533,448,3.7353150844573975,-612.3469704
864,-995.308,1.4855884615580242,0.00998645168764533,225,1.8784010410308838,-612.513238
865,11.959999999999983,1.1820095244904314,0.00998645168764533,648,5.397899150848389,-592.6427188
866,-984.88254,1.194224134473297,0.00998645168764533,134,1.114436149597168,-592.4420704
867,-984.8964199999999,2.9195936654935832,0.00998645168764533,135,1.1230101585388184,-592.6157436
868,-997.6890999999999,1.6402872116565923,0.00998645168764533,339,2.8244879245758057,-612.4281016
869,-993.10342,1.776728667293763,0.00998645168764533,223,1.8556880950927734,-612.2764456
870,-978.67532,1.3006357769637058,0.00998645168764533,540,4.4997429847717285,-612.3212244
871,-981.54796,1.7602450855499265,0.00998645168764533,676,5.630841970443726,-612.2545472
872,-976.21222,1.6974487586971265,0.00998645168764533,871,7.259745121002197,-631.6373676
873,-968.7080199999999,1.6184171007434938,0.00998645168764533,767,6.395435571670532,-650.870104
874,-989.56166,2.3363473491394533,0.00998645168764533,203,1.6902782917022705,-650.784782
875,-993.82776,1.8974312267636069,0.00998645168764533,209,1.7396132946014404,-670.5199132
876,-982.7236,2.3257746508119026,0.00998645168764533,680,5.666996002197266,-670.4767631999999
877,-972.3296,1.9361852089492713,0.00998645168764533,688,5.730581045150757,-689.7819311999999
878,-979.4793599999999,1.9427032125019597,0.00998645168764533,1281,10.698724746704102,-709.2300944
879,14.04695999999998,1.5237968108044753,0.00998645168764533,648,5.400532960891724,-689.3193248
880,4.184559999999999,1.5639156894444415,0.00998645168764533,1424,11.86496376991272,-689.0943248
881,-1000.6862199999999,1.5408175867794482,0.00998645168764533,382,3.184431791305542,-689.231494
882,-984.8971399999999,1.9949675855985671,0.00998645168764533,135,1.1210711002349854,-689.3016828
883,-984.88254,1.1932625924306575,0.00998645168764533,134,1.116471767425537,-708.8579096
884,-7.071200000000006,1.7009345999239096,0.00998645168764533,448,3.742292881011963,-689.34833
885,17.54152,1.4848487865376347,0.00998645168764533,976,8.134209871292114,-689.2061556000001
886,-971.3361399999999,0.8371671866001525,0.00998645168764533,791,6.604168891906738,-708.8623247999999
887,-1000.69198,0.884759999486174,0.00998645168764533,382,3.180811643600464,-709.3386108
888,-991.8736799999999,1.2245857567346383,0.00998645168764533,313,2.606997013092041,-709.5583032
889,-990.03568,1.3076202950162203,0.00998645168764533,817,6.807368040084839,-729.4300968
890,-7.071200000000006,1.245030064409158,0.00998645168764533,448,3.7370927333831787,-729.8398856
891,-972.83354,1.249332555468187,0.00998645168764533,766,6.384196043014526,-749.5536124
892,13.276799999999977,1.0608664232270564,0.00998645168764533,1072,8.932133913040161,-729.6158828
893,-995.3041599999999,0.5795565279925035,0.00998645168764533,225,1.8717589378356934,-749.380542
894,-7.071200000000006,1.0724120807301785,0.00998645168764533,448,3.739686965942383,-729.5081264
895,-979.84854,0.9068604443790648,0.00998645168764533,798,6.659423112869263,-748.9714363999999
896,-986.83548,0.9106100573910461,0.00998645168764533,124,1.032188892364502,-749.1095408
897,-992.23456,1.302412134132085,0.00998645168764533,184,1.532994031906128,-749.5637728
898,-979.1841599999999,1.0043439751243568,0.00998645168764533,768,6.501837730407715,-749.5169672
899,-981.4755,1.2323072457797672,0.00998645168764533,726,6.07686710357666,-749.3594707999999
900,-978.7897800000001,1.563800799063108,0.00998645168764533,651,5.465585231781006,-749.0291064
901,-995.308,1.4155010117269637,0.00998645168764533,225,1.8781681060791016,-768.7938424
902,13.31879999999994,1.4528287094071857,0.00998645168764533,832,6.93976902961731,-768.3860424
903,-984.88254,1.7714964595880471,0.00998645168764533,134,1.1148900985717773,-768.6006112
904,-986.6268799999999,2.3747993725871224,0.00998645168764533,113,0.9391090869903564,-768.4326316
905,-972.7714,1.4458069076570397,0.00998645168764533,716,5.97981071472168,-768.190292
906,-985.1301599999999,1.4829713538400058,0.00998645168764533,193,1.6057050228118896,-767.9002331999999
907,-995.29648,1.4152349362998373,0.00998645168764533,225,1.873095989227295,-767.7926688
908,-979.22186,1.742444432365629,0.00998645168764533,966,8.058617115020752,-767.7615784
909,12.130479999999945,1.598677342906898,0.00998645168764533,736,6.174253940582275,-747.8530056000001
910,-979.14604,1.3495380136812283,0.00998645168764533,709,5.9104838371276855,-747.4572396
911,-978.968,1.8261324217241017,0.00998645168764533,808,6.731822967529297,-747.521816
912,-993.82776,2.0451222528485165,0.00998645168764533,209,1.7426939010620117,-767.2569472
913,-7.071200000000006,1.4924936195966438,0.00998645168764533,448,3.731390953063965,-767.2571776
914,-980.78462,1.6709154973815714,0.00998645168764533,742,6.182050943374634,-766.96671
915,-986.6268799999999,3.0684865509876897,0.00998645168764533,113,0.9392261505126953,-786.9384475999999
916,-980.85462,1.3752861824354496,0.00998645168764533,846,7.050029277801514,-786.8578891999999
917,-984.88254,2.356932721434356,0.00998645168764533,134,1.1165192127227783,-786.8576115999999
918,-982.15712,1.8116188895586691,0.00998645168764533,657,5.476346969604492,-786.546972
919,-979.97138,1.9954592460865146,0.00998645168764533,651,5.4388837814331055,-786.2843312
920,-980.92362,1.6597484596132281,0.00998645168764533,651,5.4236321449279785,-786.3292972
921,-7.071200000000006,1.841807148427636,0.00998645168764533,448,3.732208013534546,-766.8397620000001
922,-996.2252199999999,1.2182501971809352,0.00998645168764533,223,1.8564560413360596,-767.2400220000001
923,-7.071200000000006,1.7025613128706547,0.00998645168764533,448,3.731527805328369,-748.0072856
924,-979.996,1.5449417701840562,0.00998645168764533,649,5.409269094467163,-747.8159724000001
925,-975.65914,1.41224725151535,0.00998645168764533,1094,9.117443084716797,-747.4526
926,-992.77008,1.294924859507856,0.00998645168764533,209,1.7392921447753906,-747.6535296000001
927,-982.4226,1.242408957809867,0.00998645168764533,669,5.5745368003845215,-747.8553895999999
928,-977.1666799999999,1.7563112583756169,0.00998645168764533,669,5.573576211929321,-747.809136
929,-984.8964199999999,1.6472695363961436,0.00998645168764533,135,1.1221950054168701,-767.7880035999999
930,-981.70312,1.3890624285786939,0.00998645168764533,184,1.5365638732910156,-787.5057572
931,-976.71992,1.406483539888409,0.00998645168764533,601,5.012089967727661,-787.0264311999999
932,-7.065440000000006,1.8416074205784494,0.00998645168764533,448,3.7400331497192383,-767.4697972
933,-981.6797399999999,1.506697326000599,0.00998645168764533,782,6.519566059112549,-767.4057412000001
934,-997.69576,1.9726555907009053,0.00998645168764533,241,2.006732225418091,-787.2182324
935,-980.88856,1.6173138085139975,0.00998645168764533,649,5.4061150550842285,-807.186834
936,-985.18944,1.5378647971448713,0.00998645168764533,145,1.2067832946777344,-807.4639
937,13.36760000000001,2.0309697378587415,0.00998645168764533,632,5.264283895492554,-787.1827084
938,-994.91496,1.521583569106873,0.00998645168764533,209,1.739854097366333,-787.243534
939,-980.69346,1.8378673612332506,0.00998645168764533,639,5.331543922424316,-787.0566895999999
940,-994.9649599999999,1.375219835431881,0.00998645168764533,209,1.7393107414245605,-806.8145648
941,-987.83548,1.6677372681743075,0.00998645168764533,124,1.03114914894104,-807.1146036
942,-985.18944,1.2136116136507742,0.00998645168764533,145,1.2069859504699707,-827.0839284
943,-7.071200000000006,1.983004606511843,0.00998645168764533,448,3.7361669540405273,-807.3192692
944,-995.96876,1.9469026783374193,0.00998645168764533,261,2.1711437702178955,-827.0972204
945,-985.18944,1.970124278525854,0.00998645168764533,145,1.2075450420379639,-827.2040384
946,-981.9813,2.0952534607315463,0.00998645168764533,651,5.421576976776123,-827.1069547999999
947,-998.57614,2.1555169468552986,0.00998645168764533,382,3.182249069213867,-827.2337864
948,-1000.69198,1.9099275271642309,0.00998645168764533,382,3.181535005569458,-827.6639428
949,-984.88254,2.1256420446573685,0.00998645168764533,134,1.1138830184936523,-827.7320836
950,-984.88182,1.4303953179728184,0.00998645168764533,134,1.1150081157684326,-827.8539244
951,-7.059680000000006,2.505782677638178,0.00998645168764533,448,3.7344062328338623,-808.0889579999999
952,-978.77774,1.7172704447193625,0.00998645168764533,547,4.561154842376709,-827.9308887999999
953,-975.95208,2.304836761418563,0.00998645168764533,1161,9.683420896530151,-827.7522796000001
954,-978.49582,2.0467310877450866,0.00998645168764533,635,5.289553880691528,-827.5896584000001
955,-994.9707199999999,2.047459843737835,0.00998645168764533,209,1.7405738830566406,-828.0336448
956,-7.071200000000006,2.5741281302710246,0.00998645168764533,448,3.7398312091827393,-808.4724656
957,10.18584000000003,2.3280041389727093,0.00998645168764533,1128,9.398115158081055,-788.3628192
958,-982.0216200000001,1.8531700011561647,0.00998645168764533,651,5.431009769439697,-788.4188144
959,-977.35116,1.667912462958722,0.00998645168764533,677,5.63889479637146,-808.2084471999999
960,-993.822,1.9727986698355258,0.00998645168764533,209,1.7387211322784424,-808.5019663999999
961,-978.6399799999999,1.9237197932342915,0.00998645168764533,742,6.185912132263184,-808.4954059999999
962,-981.10462,1.676330151137746,0.00998645168764533,758,6.318244695663452,-808.2409432000001
963,-993.7661,1.6440327382540982,0.00998645168764533,203,1.689105749130249,-827.9748411999999
964,-981.10208,1.7154461479947096,0.00998645168764533,657,5.475845813751221,-827.9811904000001
965,-990.92338,1.6397667533075402,0.00998645168764533,271,2.2572200298309326,-828.0671204
966,-972.6584200000001,1.6963468800927943,0.00998645168764533,758,6.327017068862915,-827.9031964000001
967,-7.071200000000006,1.1438885276781678,0.00998645168764533,448,3.730112075805664,-808.3469696
968,-6.351520000000004,1.542330756110083,0.00998645168764533,464,3.8650639057159424,-788.8308576000001
969,-992.51496,1.4023936147357632,0.00998645168764533,193,1.6156878471374512,-789.0817291999999
970,-7.071200000000006,1.5948210311544244,0.00998645168764533,448,3.733065128326416,-769.6046807999999
971,-984.88254,1.4254095191935272,0.00998645168764533,134,1.114292860031128,-789.1609076
972,13.07520000000001,1.4276473829537102,0.00998645168764533,648,5.39914608001709,-768.9748992
973,-7.065440000000006,1.4575030704675425,0.00998645168764533,448,3.7302920818328857,-768.9747839999999
974,14.542639999999999,1.348318498871665,0.00998645168764533,912,7.599048137664795,-749.0840112
975,-971.53392,1.3156291566245686,0.00998645168764533,401,3.339651107788086,-749.0015067999999
976,-994.9611199999999,1.0005749182677584,0.00998645168764533,209,1.7402093410491943,-749.0453276000001
977,-976.15562,1.2629323787153943,0.00998645168764533,570,4.800624847412109,-748.919988
978,-993.84636,1.3203060641447504,0.00998645168764533,509,4.407779216766357,-749.2535816000001
979,-977.78786,1.4079945838876375,0.00998645168764533,703,5.865894079208374,-749.1114104000001
980,-984.8964199999999,1.9969072512040535,0.00998645168764533,135,1.1215159893035889,-749.1752764
981,-7.071200000000006,1.5645510344267157,0.00998645168764533,448,3.747628927230835,-729.7823020000001
982,-994.45436,1.4778306373748584,0.00998645168764533,540,4.7298362255096436,-749.5300804
983,-979.9966000000001,1.7584966110514675,0.00998645168764533,253,2.3994951248168945,-749.4964176
984,-998.0004799999999,2.066390479786886,0.00998645168764533,353,2.952122211456299,-749.502512
985,5.8842400000000135,1.3415218557901711,0.00998645168764533,1168,9.775536060333252,-729.767056
986,-976.81948,1.1670672073714004,0.00998645168764533,605,5.047019958496094,-729.5996567999999
987,-987.5714399999999,1.100403298785829,0.00998645168764533,161,1.340569019317627,-749.6184376
988,-984.31348,1.7199634728763418,0.00998645168764533,157,1.3102450370788574,-749.4064079999999
989,-999.62158,1.4217048333214195,0.00998645168764533,382,3.1849820613861084,-749.7849704
990,-990.10912,1.219202526288269,0.00998645168764533,184,1.5329327583312988,-749.6878535999999
991,12.218239999999955,1.3006949756295436,0.00998645168764533,984,8.1975839138031,-729.6867792
992,-992.52072,1.4065904116180816,0.00998645168764533,193,1.6095709800720215,-729.8334048
993,11.322079999999978,1.228071460861522,0.00998645168764533,1016,8.46526837348938,-729.4655392000001
994,13.406720000000007,1.3383883554400005,0.00998645168764533,632,5.276702165603638,-709.2780296
995,-999.61582,1.6622616199847233,0.00998645168764533,382,3.1840858459472656,-709.5665571999999
996,-982.1155399999999,1.6304133192357806,0.00998645168764533,907,7.5612781047821045,-709.5692419999999
997,-978.0499199999999,1.7850474312460782,0.00998645168764533,560,4.668655157089233,-709.1587175999999
998,-986.19256,0.7816491962860114,0.00998645168764533,145,1.2072429656982422,-708.8687292
999,-993.7661,1.5682583525272205,0.00998645168764533,203,1.6901781558990479,-709.0464004
